id,label
ENSP00000075503,1
ENSP00000156825,1
ENSP00000159111,1
ENSP00000160373,1
ENSP00000160740,1
ENSP00000161863,1
ENSP00000166534,1
ENSP00000167106,1
ENSP00000168148,1
ENSP00000174618,1
ENSP00000215739,1
ENSP00000216194,1
ENSP00000217246,1
ENSP00000217386,1
ENSP00000217964,1
ENSP00000217999,1
ENSP00000218075,1
ENSP00000219476,1
ENSP00000219794,1
ENSP00000221232,1
ENSP00000221459,1
ENSP00000222381,1
ENSP00000222399,1
ENSP00000222812,1
ENSP00000223095,1
ENSP00000223208,1
ENSP00000225328,1
ENSP00000226279,1
ENSP00000229214,1
ENSP00000230419,1
ENSP00000231021,1
ENSP00000234198,1
ENSP00000235180,1
ENSP00000238018,1
ENSP00000238647,1
ENSP00000239614,1
ENSP00000240333,1
ENSP00000240587,1
ENSP00000244364,1
ENSP00000245121,1
ENSP00000245615,1
ENSP00000246672,1
ENSP00000247087,1
ENSP00000248444,1
ENSP00000248929,1
ENSP00000249910,1
ENSP00000250916,1
ENSP00000252699,1
ENSP00000252804,1
ENSP00000253048,1
ENSP00000253108,1
ENSP00000253122,1
ENSP00000253401,1
ENSP00000253925,1
ENSP00000254079,1
ENSP00000254624,1
ENSP00000254657,1
ENSP00000254846,1
ENSP00000254942,1
ENSP00000254976,1
ENSP00000255380,1
ENSP00000255381,1
ENSP00000256039,1
ENSP00000257215,1
ENSP00000257287,1
ENSP00000257497,1
ENSP00000257745,1
ENSP00000258098,1
ENSP00000258123,1
ENSP00000258484,1
ENSP00000258930,1
ENSP00000259605,1
ENSP00000260356,1
ENSP00000260600,1
ENSP00000260762,1
ENSP00000260926,1
ENSP00000260983,1
ENSP00000261196,1
ENSP00000261383,1
ENSP00000261396,1
ENSP00000261402,1
ENSP00000261465,1
ENSP00000261537,1
ENSP00000261622,1
ENSP00000261707,1
ENSP00000261839,1
ENSP00000261908,1
ENSP00000262043,1
ENSP00000262101,1
ENSP00000262105,1
ENSP00000262189,1
ENSP00000262238,1
ENSP00000262352,1
ENSP00000262367,1
ENSP00000262518,1
ENSP00000262608,1
ENSP00000262646,1
ENSP00000262895,1
ENSP00000263025,1
ENSP00000263073,1
ENSP00000263094,1
ENSP00000263253,1
ENSP00000263377,1
ENSP00000263665,1
ENSP00000263710,1
ENSP00000263754,1
ENSP00000263816,1
ENSP00000264010,1
ENSP00000264037,1
ENSP00000264318,1
ENSP00000264335,1
ENSP00000264360,1
ENSP00000264414,1
ENSP00000264463,1
ENSP00000264606,1
ENSP00000264637,1
ENSP00000264709,1
ENSP00000265016,1
ENSP00000265271,1
ENSP00000265340,1
ENSP00000265437,1
ENSP00000265459,1
ENSP00000265465,1
ENSP00000265713,1
ENSP00000265773,1
ENSP00000265990,1
ENSP00000266376,1
ENSP00000267064,1
ENSP00000268057,1
ENSP00000268164,1
ENSP00000268251,1
ENSP00000268603,1
ENSP00000268712,1
ENSP00000269081,1
ENSP00000269197,1
ENSP00000270142,1
ENSP00000270225,1
ENSP00000270349,1
ENSP00000271640,1
ENSP00000271715,1
ENSP00000272427,1
ENSP00000273588,1
ENSP00000273695,1
ENSP00000274473,1
ENSP00000275034,1
ENSP00000275732,1
ENSP00000275780,1
ENSP00000275857,1
ENSP00000276201,1
ENSP00000277225,1
ENSP00000278187,1
ENSP00000278886,1
ENSP00000279178,1
ENSP00000279463,1
ENSP00000280333,1
ENSP00000280557,1
ENSP00000280772,1
ENSP00000280886,1
ENSP00000281156,1
ENSP00000281282,1
ENSP00000281928,1
ENSP00000282020,1
ENSP00000282030,1
ENSP00000282356,1
ENSP00000282470,1
ENSP00000282516,1
ENSP00000282549,1
ENSP00000283179,1
ENSP00000283256,1
ENSP00000283268,1
ENSP00000283943,1
ENSP00000285850,1
ENSP00000285900,1
ENSP00000286621,1
ENSP00000287202,1
ENSP00000287380,1
ENSP00000287766,1
ENSP00000288139,1
ENSP00000288602,1
ENSP00000288988,1
ENSP00000289269,1
ENSP00000289272,1
ENSP00000289957,1
ENSP00000290866,1
ENSP00000292401,1
ENSP00000292427,1
ENSP00000292431,1
ENSP00000293441,1
ENSP00000293549,1
ENSP00000295888,1
ENSP00000295902,1
ENSP00000295987,1
ENSP00000296440,1
ENSP00000296543,1
ENSP00000297146,1
ENSP00000297195,1
ENSP00000297258,1
ENSP00000297375,1
ENSP00000297668,1
ENSP00000298085,1
ENSP00000298097,1
ENSP00000298119,1
ENSP00000298552,1
ENSP00000298937,1
ENSP00000299178,1
ENSP00000299267,1
ENSP00000300408,1
ENSP00000300456,1
ENSP00000301030,1
ENSP00000302397,1
ENSP00000303211,1
ENSP00000303252,1
ENSP00000303540,1
ENSP00000305200,1
ENSP00000305288,1
ENSP00000305355,1
ENSP00000305372,1
ENSP00000305899,1
ENSP00000305941,1
ENSP00000306138,1
ENSP00000306253,1
ENSP00000306361,1
ENSP00000306449,1
ENSP00000306682,1
ENSP00000306688,1
ENSP00000306983,1
ENSP00000307046,1
ENSP00000307134,1
ENSP00000307479,1
ENSP00000307634,1
ENSP00000308610,1
ENSP00000309036,1
ENSP00000309117,1
ENSP00000309198,1
ENSP00000309653,1
ENSP00000309845,1
ENSP00000310260,1
ENSP00000310561,1
ENSP00000311202,1
ENSP00000311344,1
ENSP00000311429,1
ENSP00000311469,1
ENSP00000311837,1
ENSP00000312550,1
ENSP00000312652,1
ENSP00000313420,1
ENSP00000313601,1
ENSP00000314420,1
ENSP00000314649,1
ENSP00000314736,1
ENSP00000315664,1
ENSP00000315680,1
ENSP00000316054,1
ENSP00000316377,1
ENSP00000316454,1
ENSP00000316605,1
ENSP00000318820,1
ENSP00000318902,1
ENSP00000319781,1
ENSP00000320025,1
ENSP00000320081,1
ENSP00000320084,1
ENSP00000320246,1
ENSP00000320885,1
ENSP00000321805,1
ENSP00000321826,1
ENSP00000322617,1
ENSP00000323074,1
ENSP00000323194,1
ENSP00000323377,1
ENSP00000324127,1
ENSP00000324172,1
ENSP00000324270,1
ENSP00000325423,1
ENSP00000325527,1
ENSP00000325819,1
ENSP00000326477,1
ENSP00000328182,1
ENSP00000328340,1
ENSP00000329210,1
ENSP00000329553,1
ENSP00000330148,1
ENSP00000330959,1
ENSP00000331313,1
ENSP00000331636,1
ENSP00000331698,1
ENSP00000332247,1
ENSP00000332549,1
ENSP00000333376,1
ENSP00000333496,1
ENSP00000334198,1
ENSP00000334382,1
ENSP00000334798,1
ENSP00000334928,1
ENSP00000335062,1
ENSP00000335261,1
ENSP00000336630,1
ENSP00000337452,1
ENSP00000337510,1
ENSP00000337555,1
ENSP00000337618,1
ENSP00000338157,1
ENSP00000338185,1
ENSP00000338283,1
ENSP00000338349,1
ENSP00000338629,1
ENSP00000338774,1
ENSP00000339004,1
ENSP00000339086,1
ENSP00000339299,1
ENSP00000339328,1
ENSP00000340329,1
ENSP00000340644,1
ENSP00000340684,1
ENSP00000340874,1
ENSP00000340913,1
ENSP00000340944,1
ENSP00000341280,1
ENSP00000341390,1
ENSP00000341551,1
ENSP00000341658,1
ENSP00000341662,1
ENSP00000341730,1
ENSP00000341882,1
ENSP00000342087,1
ENSP00000342535,1
ENSP00000342812,1
ENSP00000342905,1
ENSP00000342924,1
ENSP00000343535,1
ENSP00000343764,1
ENSP00000343925,1
ENSP00000344087,1
ENSP00000344314,1
ENSP00000344456,1
ENSP00000344546,1
ENSP00000344801,1
ENSP00000344820,1
ENSP00000344976,1
ENSP00000345029,1
ENSP00000345064,1
ENSP00000345193,1
ENSP00000345229,1
ENSP00000345731,1
ENSP00000345985,1
ENSP00000345997,1
ENSP00000346173,1
ENSP00000346348,1
ENSP00000346440,1
ENSP00000346534,1
ENSP00000346667,1
ENSP00000346762,1
ENSP00000346986,1
ENSP00000347538,1
ENSP00000347684,1
ENSP00000347710,1
ENSP00000347717,1
ENSP00000347754,1
ENSP00000347836,1
ENSP00000347896,1
ENSP00000347988,1
ENSP00000348010,1
ENSP00000348278,1
ENSP00000348442,1
ENSP00000348573,1
ENSP00000348708,1
ENSP00000348965,1
ENSP00000349145,1
ENSP00000349325,1
ENSP00000349577,1
ENSP00000349588,1
ENSP00000349629,1
ENSP00000349705,1
ENSP00000350094,1
ENSP00000350132,1
ENSP00000350249,1
ENSP00000350348,1
ENSP00000350616,1
ENSP00000350844,1
ENSP00000351015,1
ENSP00000351059,1
ENSP00000351250,1
ENSP00000351346,1
ENSP00000351591,1
ENSP00000351618,1
ENSP00000352011,1
ENSP00000352035,1
ENSP00000352121,1
ENSP00000352162,1
ENSP00000352185,1
ENSP00000352463,1
ENSP00000353058,1
ENSP00000353099,1
ENSP00000353343,1
ENSP00000353362,1
ENSP00000353401,1
ENSP00000353582,1
ENSP00000353622,1
ENSP00000353731,1
ENSP00000354207,1
ENSP00000354251,1
ENSP00000354451,1
ENSP00000354497,1
ENSP00000354504,1
ENSP00000354541,1
ENSP00000354558,1
ENSP00000354720,1
ENSP00000354778,1
ENSP00000354859,1
ENSP00000354950,1
ENSP00000355011,1
ENSP00000355089,1
ENSP00000355237,1
ENSP00000355523,1
ENSP00000355593,1
ENSP00000355884,1
ENSP00000356094,1
ENSP00000356224,1
ENSP00000356234,1
ENSP00000356379,1
ENSP00000356438,1
ENSP00000356545,1
ENSP00000357068,1
ENSP00000357122,1
ENSP00000358105,1
ENSP00000358466,1
ENSP00000358511,1
ENSP00000358515,1
ENSP00000358590,1
ENSP00000358696,1
ENSP00000358963,1
ENSP00000359085,1
ENSP00000359211,1
ENSP00000359240,1
ENSP00000359489,1
ENSP00000359506,1
ENSP00000359729,1
ENSP00000359768,1
ENSP00000359864,1
ENSP00000359925,1
ENSP00000359988,1
ENSP00000360141,1
ENSP00000360231,1
ENSP00000360398,1
ENSP00000360406,1
ENSP00000360541,1
ENSP00000360569,1
ENSP00000360608,1
ENSP00000360806,1
ENSP00000360905,1
ENSP00000360973,1
ENSP00000361009,1
ENSP00000361021,1
ENSP00000361052,1
ENSP00000361276,1
ENSP00000361302,1
ENSP00000361336,1
ENSP00000361768,1
ENSP00000361927,1
ENSP00000362125,1
ENSP00000362127,1
ENSP00000362183,1
ENSP00000362186,1
ENSP00000362283,1
ENSP00000362399,1
ENSP00000362441,1
ENSP00000362463,1
ENSP00000362863,1
ENSP00000363763,1
ENSP00000363869,1
ENSP00000363891,1
ENSP00000364550,1
ENSP00000365441,1
ENSP00000365775,1
ENSP00000365908,1
ENSP00000366005,1
ENSP00000366246,1
ENSP00000366283,1
ENSP00000366299,1
ENSP00000366662,1
ENSP00000367001,1
ENSP00000367096,1
ENSP00000367203,1
ENSP00000367309,1
ENSP00000367408,1
ENSP00000367446,1
ENSP00000367743,1
ENSP00000368314,1
ENSP00000368332,1
ENSP00000368666,1
ENSP00000368667,1
ENSP00000368761,1
ENSP00000368824,1
ENSP00000368884,1
ENSP00000369325,1
ENSP00000369351,1
ENSP00000369460,1
ENSP00000369497,1
ENSP00000369500,1
ENSP00000369989,1
ENSP00000370125,1
ENSP00000370196,1
ENSP00000370270,1
ENSP00000370330,1
ENSP00000370639,1
ENSP00000370658,1
ENSP00000370990,1
ENSP00000371003,1
ENSP00000371434,1
ENSP00000371734,1
ENSP00000371846,1
ENSP00000371936,1
ENSP00000373169,1
ENSP00000373347,1
ENSP00000373648,1
ENSP00000373979,1
ENSP00000374205,1
ENSP00000374212,1
ENSP00000374309,1
ENSP00000374490,1
ENSP00000374507,1
ENSP00000375629,1
ENSP00000376204,1
ENSP00000376570,1
ENSP00000376855,1
ENSP00000377461,1
ENSP00000377747,1
ENSP00000377958,1
ENSP00000379290,1
ENSP00000379394,1
ENSP00000379496,1
ENSP00000379712,1
ENSP00000379908,1
ENSP00000380150,1
ENSP00000380271,1
ENSP00000380444,1
ENSP00000380453,1
ENSP00000380602,1
ENSP00000380603,1
ENSP00000380888,1
ENSP00000380897,1
ENSP00000380998,1
ENSP00000381045,1
ENSP00000381098,1
ENSP00000381412,1
ENSP00000381891,1
ENSP00000381932,1
ENSP00000382177,1
ENSP00000382178,1
ENSP00000382204,1
ENSP00000382356,1
ENSP00000382840,1
ENSP00000382863,1
ENSP00000383295,1
ENSP00000383303,1
ENSP00000383939,1
ENSP00000384182,1
ENSP00000384193,1
ENSP00000384551,1
ENSP00000384863,1
ENSP00000385019,1
ENSP00000385142,1
ENSP00000385806,1
ENSP00000386049,1
ENSP00000386138,1
ENSP00000386200,1
ENSP00000386306,1
ENSP00000386414,1
ENSP00000386759,1
ENSP00000386770,1
ENSP00000386845,1
ENSP00000386908,1
ENSP00000387170,1
ENSP00000387593,1
ENSP00000387694,1
ENSP00000388658,1
ENSP00000389934,1
ENSP00000391088,1
ENSP00000391664,1
ENSP00000392028,1
ENSP00000392066,1
ENSP00000392423,1
ENSP00000393066,1
ENSP00000393379,1
ENSP00000393596,1
ENSP00000394352,1
ENSP00000395359,1
ENSP00000395535,1
ENSP00000395929,1
ENSP00000396103,1
ENSP00000396320,1
ENSP00000397026,1
ENSP00000397351,1
ENSP00000398273,1
ENSP00000398481,1
ENSP00000399013,1
ENSP00000399168,1
ENSP00000399982,1
ENSP00000400258,1
ENSP00000401946,1
ENSP00000402935,1
ENSP00000403636,1
ENSP00000404063,1
ENSP00000404179,1
ENSP00000404705,1
ENSP00000405268,1
ENSP00000405574,1
ENSP00000406229,1
ENSP00000407375,1
ENSP00000407546,1
ENSP00000408464,1
ENSP00000409667,1
ENSP00000410626,1
ENSP00000412788,1
ENSP00000415941,1
ENSP00000416662,1
ENSP00000417335,1
ENSP00000417498,1
ENSP00000417674,1
ENSP00000417901,1
ENSP00000417963,1
ENSP00000417980,1
ENSP00000418648,1
ENSP00000418741,1
ENSP00000419027,1
ENSP00000419101,1
ENSP00000419153,1
ENSP00000419361,1
ENSP00000420840,1
ENSP00000423602,1
ENSP00000425561,1
ENSP00000427015,1
ENSP00000427888,1
ENSP00000427900,1
ENSP00000427975,1
ENSP00000428417,1
ENSP00000428480,1
ENSP00000429084,1
ENSP00000429562,1
ENSP00000430075,1
ENSP00000431245,1
ENSP00000431418,1
ENSP00000431748,1
ENSP00000433378,1
ENSP00000435300,1
ENSP00000435466,1
ENSP00000436042,1
ENSP00000436426,1
ENSP00000436786,1
ENSP00000438788,1
ENSP00000441462,1
ENSP00000441858,1
ENSP00000441929,1
ENSP00000444788,1
ENSP00000444972,1
ENSP00000446100,1
ENSP00000448012,1
ENSP00000448059,1
ENSP00000449241,1
ENSP00000449629,1
ENSP00000449784,1
ENSP00000453144,1
ENSP00000457230,1
ENSP00000462701,1
ENSP00000469958,1
ENSP00000001146,0
ENSP00000002125,0
ENSP00000004103,0
ENSP00000005180,0
ENSP00000005257,0
ENSP00000006015,0
ENSP00000007264,0
ENSP00000007722,0
ENSP00000008938,0
ENSP00000013034,0
ENSP00000013807,0
ENSP00000014930,0
ENSP00000014935,0
ENSP00000016171,0
ENSP00000019317,0
ENSP00000023939,0
ENSP00000025008,0
ENSP00000027335,0
ENSP00000029410,0
ENSP00000035307,0
ENSP00000037869,0
ENSP00000040584,0
ENSP00000045083,0
ENSP00000046087,0
ENSP00000054666,0
ENSP00000057513,0
ENSP00000072869,0
ENSP00000086933,0
ENSP00000161006,0
ENSP00000164139,0
ENSP00000164227,0
ENSP00000166139,0
ENSP00000167586,0
ENSP00000168216,0
ENSP00000170564,0
ENSP00000171757,0
ENSP00000175091,0
ENSP00000175506,0
ENSP00000180166,0
ENSP00000182096,0
ENSP00000182290,0
ENSP00000183605,0
ENSP00000184266,0
ENSP00000185150,0
ENSP00000190165,0
ENSP00000192788,0
ENSP00000193391,0
ENSP00000194118,0
ENSP00000194214,0
ENSP00000195455,0
ENSP00000196061,0
ENSP00000196482,0
ENSP00000196548,0
ENSP00000196551,0
ENSP00000198536,0
ENSP00000198765,0
ENSP00000199280,0
ENSP00000199706,0
ENSP00000200135,0
ENSP00000202773,0
ENSP00000202816,0
ENSP00000204517,0
ENSP00000204615,0
ENSP00000204961,0
ENSP00000206262,0
ENSP00000206423,0
ENSP00000206513,0
ENSP00000207457,0
ENSP00000209540,0
ENSP00000209873,0
ENSP00000210060,0
ENSP00000210444,0
ENSP00000211076,0
ENSP00000211122,0
ENSP00000214869,0
ENSP00000215368,0
ENSP00000215479,0
ENSP00000215530,0
ENSP00000215555,0
ENSP00000215565,0
ENSP00000215567,0
ENSP00000215587,0
ENSP00000215659,0
ENSP00000215794,0
ENSP00000215912,0
ENSP00000216024,0
ENSP00000216037,0
ENSP00000216075,0
ENSP00000216085,0
ENSP00000216117,0
ENSP00000216121,0
ENSP00000216122,0
ENSP00000216144,0
ENSP00000216185,0
ENSP00000216187,0
ENSP00000216190,0
ENSP00000216254,0
ENSP00000216286,0
ENSP00000216297,0
ENSP00000216338,0
ENSP00000216367,0
ENSP00000216392,0
ENSP00000216455,0
ENSP00000216802,0
ENSP00000216951,0
ENSP00000216968,0
ENSP00000217169,0
ENSP00000217244,0
ENSP00000217254,0
ENSP00000217515,0
ENSP00000217971,0
ENSP00000218436,0
ENSP00000218721,0
ENSP00000219091,0
ENSP00000219139,0
ENSP00000219162,0
ENSP00000219334,0
ENSP00000219400,0
ENSP00000219789,0
ENSP00000220003,0
ENSP00000220058,0
ENSP00000220478,0
ENSP00000220531,0
ENSP00000220616,0
ENSP00000220809,0
ENSP00000220913,0
ENSP00000220940,0
ENSP00000221130,0
ENSP00000221138,0
ENSP00000221167,0
ENSP00000221265,0
ENSP00000221307,0
ENSP00000221498,0
ENSP00000221538,0
ENSP00000221566,0
ENSP00000221700,0
ENSP00000221891,0
ENSP00000221957,0
ENSP00000221972,0
ENSP00000222005,0
ENSP00000222122,0
ENSP00000222157,0
ENSP00000222250,0
ENSP00000222481,0
ENSP00000222567,0
ENSP00000222572,0
ENSP00000222725,0
ENSP00000222728,0
ENSP00000223026,0
ENSP00000223061,0
ENSP00000223114,0
ENSP00000223122,0
ENSP00000223129,0
ENSP00000223145,0
ENSP00000223215,0
ENSP00000223366,0
ENSP00000223500,0
ENSP00000224181,0
ENSP00000224337,0
ENSP00000225577,0
ENSP00000225688,0
ENSP00000225724,0
ENSP00000225805,0
ENSP00000225873,0
ENSP00000225972,0
ENSP00000225983,0
ENSP00000226021,0
ENSP00000226207,0
ENSP00000226230,0
ENSP00000226524,0
ENSP00000226574,0
ENSP00000226796,0
ENSP00000227266,0
ENSP00000227378,0
ENSP00000227525,0
ENSP00000227667,0
ENSP00000227758,0
ENSP00000228506,0
ENSP00000228567,0
ENSP00000228682,0
ENSP00000228740,0
ENSP00000228811,0
ENSP00000228850,0
ENSP00000228936,0
ENSP00000228945,0
ENSP00000229002,0
ENSP00000229134,0
ENSP00000229179,0
ENSP00000229195,0
ENSP00000229268,0
ENSP00000229277,0
ENSP00000229304,0
ENSP00000229328,0
ENSP00000229390,0
ENSP00000229554,0
ENSP00000229583,0
ENSP00000230053,0
ENSP00000230085,0
ENSP00000230099,0
ENSP00000230361,0
ENSP00000230381,0
ENSP00000230461,0
ENSP00000230771,0
ENSP00000230882,0
ENSP00000230895,0
ENSP00000231004,0
ENSP00000231137,0
ENSP00000231198,0
ENSP00000231454,0
ENSP00000231461,0
ENSP00000231512,0
ENSP00000231524,0
ENSP00000231656,0
ENSP00000231749,0
ENSP00000231887,0
ENSP00000231948,0
ENSP00000232003,0
ENSP00000232014,0
ENSP00000232375,0
ENSP00000232508,0
ENSP00000232766,0
ENSP00000232975,0
ENSP00000233146,0
ENSP00000233156,0
ENSP00000233242,0
ENSP00000233545,0
ENSP00000233623,0
ENSP00000233668,0
ENSP00000233710,0
ENSP00000233735,0
ENSP00000233944,0
ENSP00000233957,0
ENSP00000234195,0
ENSP00000234296,0
ENSP00000234396,0
ENSP00000234800,0
ENSP00000235090,0
ENSP00000235310,0
ENSP00000235628,0
ENSP00000236137,0
ENSP00000236709,0
ENSP00000237172,0
ENSP00000237201,0
ENSP00000237264,0
ENSP00000237289,0
ENSP00000237642,0
ENSP00000237696,0
ENSP00000238508,0
ENSP00000238561,0
ENSP00000238616,0
ENSP00000238892,0
ENSP00000239151,0
ENSP00000239347,0
ENSP00000239374,0
ENSP00000239462,0
ENSP00000239666,0
ENSP00000239926,0
ENSP00000240055,0
ENSP00000240079,0
ENSP00000240304,0
ENSP00000240651,0
ENSP00000240652,0
ENSP00000240662,0
ENSP00000240731,0
ENSP00000241124,0
ENSP00000241337,0
ENSP00000241463,0
ENSP00000242209,0
ENSP00000242257,0
ENSP00000242465,0
ENSP00000242505,0
ENSP00000242591,0
ENSP00000242786,0
ENSP00000242839,0
ENSP00000243052,0
ENSP00000243056,0
ENSP00000243103,0
ENSP00000243213,0
ENSP00000243344,0
ENSP00000243578,0
ENSP00000243786,0
ENSP00000243918,0
ENSP00000243997,0
ENSP00000244050,0
ENSP00000244096,0
ENSP00000244137,0
ENSP00000244217,0
ENSP00000244314,0
ENSP00000244496,0
ENSP00000244513,0
ENSP00000244519,0
ENSP00000244537,0
ENSP00000244571,0
ENSP00000244741,0
ENSP00000245304,0
ENSP00000245323,0
ENSP00000245552,0
ENSP00000245663,0
ENSP00000245934,0
ENSP00000246012,0
ENSP00000246024,0
ENSP00000246070,0
ENSP00000246337,0
ENSP00000246548,0
ENSP00000246549,0
ENSP00000246551,0
ENSP00000246553,0
ENSP00000246802,0
ENSP00000247001,0
ENSP00000247026,0
ENSP00000247194,0
ENSP00000247226,0
ENSP00000247470,0
ENSP00000247665,0
ENSP00000247668,0
ENSP00000247829,0
ENSP00000247879,0
ENSP00000248076,0
ENSP00000248121,0
ENSP00000248450,0
ENSP00000248564,0
ENSP00000248600,0
ENSP00000248633,0
ENSP00000248935,0
ENSP00000248975,0
ENSP00000249005,0
ENSP00000249284,0
ENSP00000249344,0
ENSP00000249396,0
ENSP00000249601,0
ENSP00000249647,0
ENSP00000249883,0
ENSP00000250056,0
ENSP00000250151,0
ENSP00000250156,0
ENSP00000250160,0
ENSP00000250405,0
ENSP00000250615,0
ENSP00000250693,0
ENSP00000250838,0
ENSP00000251020,0
ENSP00000251102,0
ENSP00000251269,0
ENSP00000251413,0
ENSP00000251453,0
ENSP00000251472,0
ENSP00000251496,0
ENSP00000251527,0
ENSP00000251566,0
ENSP00000251645,0
ENSP00000251871,0
ENSP00000252029,0
ENSP00000252071,0
ENSP00000252115,0
ENSP00000252136,0
ENSP00000252137,0
ENSP00000252242,0
ENSP00000252250,0
ENSP00000252453,0
ENSP00000252530,0
ENSP00000252575,0
ENSP00000252590,0
ENSP00000252603,0
ENSP00000252744,0
ENSP00000252799,0
ENSP00000252825,0
ENSP00000252826,0
ENSP00000252939,0
ENSP00000252945,0
ENSP00000253024,0
ENSP00000253047,0
ENSP00000253109,0
ENSP00000253408,0
ENSP00000253452,0
ENSP00000253458,0
ENSP00000253693,0
ENSP00000253699,0
ENSP00000253778,0
ENSP00000253792,0
ENSP00000253794,0
ENSP00000253814,0
ENSP00000254029,0
ENSP00000254066,0
ENSP00000254090,0
ENSP00000254122,0
ENSP00000254166,0
ENSP00000254190,0
ENSP00000254250,0
ENSP00000254260,0
ENSP00000254336,0
ENSP00000254457,0
ENSP00000254488,0
ENSP00000254605,0
ENSP00000254691,0
ENSP00000254719,0
ENSP00000254765,0
ENSP00000254816,0
ENSP00000254908,0
ENSP00000255039,0
ENSP00000255194,0
ENSP00000255262,0
ENSP00000255266,0
ENSP00000255499,0
ENSP00000255608,0
ENSP00000255613,0
ENSP00000255631,0
ENSP00000255945,0
ENSP00000256031,0
ENSP00000256079,0
ENSP00000256151,0
ENSP00000256178,0
ENSP00000256190,0
ENSP00000256324,0
ENSP00000256339,0
ENSP00000256389,0
ENSP00000256474,0
ENSP00000256509,0
ENSP00000256545,0
ENSP00000256707,0
ENSP00000256759,0
ENSP00000256953,0
ENSP00000256958,0
ENSP00000256997,0
ENSP00000257248,0
ENSP00000257264,0
ENSP00000257312,0
ENSP00000257552,0
ENSP00000257572,0
ENSP00000257622,0
ENSP00000257637,0
ENSP00000257663,0
ENSP00000257981,0
ENSP00000258083,0
ENSP00000258198,0
ENSP00000258390,0
ENSP00000258443,0
ENSP00000258613,0
ENSP00000258662,0
ENSP00000258704,0
ENSP00000258770,0
ENSP00000258960,0
ENSP00000259199,0
ENSP00000259216,0
ENSP00000259229,0
ENSP00000259241,0
ENSP00000259271,0
ENSP00000259365,0
ENSP00000259371,0
ENSP00000259400,0
ENSP00000259466,0
ENSP00000259512,0
ENSP00000259631,0
ENSP00000259632,0
ENSP00000259883,0
ENSP00000259939,0
ENSP00000259951,0
ENSP00000260327,0
ENSP00000260372,0
ENSP00000260403,0
ENSP00000260408,0
ENSP00000260453,0
ENSP00000260508,0
ENSP00000260526,0
ENSP00000260563,0
ENSP00000260585,0
ENSP00000260702,0
ENSP00000260753,0
ENSP00000260810,0
ENSP00000260818,0
ENSP00000260947,0
ENSP00000261024,0
ENSP00000261058,0
ENSP00000261168,0
ENSP00000261177,0
ENSP00000261180,0
ENSP00000261187,0
ENSP00000261191,0
ENSP00000261205,0
ENSP00000261207,0
ENSP00000261233,0
ENSP00000261234,0
ENSP00000261267,0
ENSP00000261326,0
ENSP00000261366,0
ENSP00000261401,0
ENSP00000261405,0
ENSP00000261427,0
ENSP00000261475,0
ENSP00000261488,0
ENSP00000261507,0
ENSP00000261534,0
ENSP00000261558,0
ENSP00000261560,0
ENSP00000261588,0
ENSP00000261597,0
ENSP00000261615,0
ENSP00000261658,0
ENSP00000261667,0
ENSP00000261681,0
ENSP00000261733,0
ENSP00000261741,0
ENSP00000261749,0
ENSP00000261755,0
ENSP00000261797,0
ENSP00000261813,0
ENSP00000261819,0
ENSP00000261854,0
ENSP00000261862,0
ENSP00000261866,0
ENSP00000261921,0
ENSP00000261944,0
ENSP00000261965,0
ENSP00000262126,0
ENSP00000262127,0
ENSP00000262158,0
ENSP00000262160,0
ENSP00000262209,0
ENSP00000262210,0
ENSP00000262213,0
ENSP00000262290,0
ENSP00000262291,0
ENSP00000262293,0
ENSP00000262340,0
ENSP00000262374,0
ENSP00000262376,0
ENSP00000262384,0
ENSP00000262395,0
ENSP00000262406,0
ENSP00000262407,0
ENSP00000262424,0
ENSP00000262450,0
ENSP00000262477,0
ENSP00000262482,0
ENSP00000262483,0
ENSP00000262493,0
ENSP00000262498,0
ENSP00000262507,0
ENSP00000262544,0
ENSP00000262547,0
ENSP00000262580,0
ENSP00000262584,0
ENSP00000262629,0
ENSP00000262640,0
ENSP00000262643,0
ENSP00000262659,0
ENSP00000262709,0
ENSP00000262710,0
ENSP00000262731,0
ENSP00000262741,0
ENSP00000262752,0
ENSP00000262765,0
ENSP00000262768,0
ENSP00000262809,0
ENSP00000262850,0
ENSP00000262879,0
ENSP00000262919,0
ENSP00000262971,0
ENSP00000262990,0
ENSP00000263062,0
ENSP00000263071,0
ENSP00000263100,0
ENSP00000263116,0
ENSP00000263208,0
ENSP00000263266,0
ENSP00000263268,0
ENSP00000263341,0
ENSP00000263370,0
ENSP00000263379,0
ENSP00000263382,0
ENSP00000263409,0
ENSP00000263635,0
ENSP00000263655,0
ENSP00000263686,0
ENSP00000263688,0
ENSP00000263826,0
ENSP00000263904,0
ENSP00000263918,0
ENSP00000263925,0
ENSP00000263934,0
ENSP00000264005,0
ENSP00000264039,0
ENSP00000264042,0
ENSP00000264071,0
ENSP00000264110,0
ENSP00000264151,0
ENSP00000264156,0
ENSP00000264162,0
ENSP00000264183,0
ENSP00000264193,0
ENSP00000264202,0
ENSP00000264218,0
ENSP00000264245,0
ENSP00000264255,0
ENSP00000264380,0
ENSP00000264434,0
ENSP00000264454,0
ENSP00000264515,0
ENSP00000264595,0
ENSP00000264638,0
ENSP00000264663,0
ENSP00000264669,0
ENSP00000264677,0
ENSP00000264690,0
ENSP00000264703,0
ENSP00000264712,0
ENSP00000264717,0
ENSP00000264731,0
ENSP00000264775,0
ENSP00000264852,0
ENSP00000264914,0
ENSP00000264951,0
ENSP00000264977,0
ENSP00000264990,0
ENSP00000265044,0
ENSP00000265052,0
ENSP00000265074,0
ENSP00000265080,0
ENSP00000265094,0
ENSP00000265272,0
ENSP00000265299,0
ENSP00000265361,0
ENSP00000265379,0
ENSP00000265382,0
ENSP00000265404,0
ENSP00000265441,0
ENSP00000265462,0
ENSP00000265471,0
ENSP00000265562,0
ENSP00000265565,0
ENSP00000265594,0
ENSP00000265627,0
ENSP00000265689,0
ENSP00000265715,0
ENSP00000265728,0
ENSP00000265801,0
ENSP00000265843,0
ENSP00000265978,0
ENSP00000265983,0
ENSP00000265993,0
ENSP00000266022,0
ENSP00000266025,0
ENSP00000266088,0
ENSP00000266214,0
ENSP00000266263,0
ENSP00000266458,0
ENSP00000266497,0
ENSP00000266505,0
ENSP00000266556,0
ENSP00000266560,0
ENSP00000266579,0
ENSP00000266646,0
ENSP00000266659,0
ENSP00000266671,0
ENSP00000266674,0
ENSP00000266718,0
ENSP00000266744,0
ENSP00000266771,0
ENSP00000267023,0
ENSP00000267082,0
ENSP00000267113,0
ENSP00000267199,0
ENSP00000267294,0
ENSP00000267328,0
ENSP00000267377,0
ENSP00000267383,0
ENSP00000267396,0
ENSP00000267460,0
ENSP00000267568,0
ENSP00000267569,0
ENSP00000267622,0
ENSP00000267812,0
ENSP00000267814,0
ENSP00000267838,0
ENSP00000267970,0
ENSP00000267973,0
ENSP00000267984,0
ENSP00000268184,0
ENSP00000268206,0
ENSP00000268231,0
ENSP00000268296,0
ENSP00000268379,0
ENSP00000268483,0
ENSP00000268489,0
ENSP00000268595,0
ENSP00000268605,0
ENSP00000268624,0
ENSP00000268661,0
ENSP00000268668,0
ENSP00000268676,0
ENSP00000268679,0
ENSP00000268704,0
ENSP00000268717,0
ENSP00000268802,0
ENSP00000268854,0
ENSP00000268864,0
ENSP00000268876,0
ENSP00000269033,0
ENSP00000269051,0
ENSP00000269141,0
ENSP00000269195,0
ENSP00000269214,0
ENSP00000269305,0
ENSP00000269321,0
ENSP00000269349,0
ENSP00000269394,0
ENSP00000269491,0
ENSP00000269499,0
ENSP00000269503,0
ENSP00000269554,0
ENSP00000269586,0
ENSP00000269740,0
ENSP00000269834,0
ENSP00000269856,0
ENSP00000269881,0
ENSP00000269945,0
ENSP00000269967,0
ENSP00000270001,0
ENSP00000270061,0
ENSP00000270115,0
ENSP00000270257,0
ENSP00000270586,0
ENSP00000270620,0
ENSP00000270631,0
ENSP00000270645,0
ENSP00000270722,0
ENSP00000270776,0
ENSP00000270824,0
ENSP00000271227,0
ENSP00000271277,0
ENSP00000271331,0
ENSP00000271450,0
ENSP00000271526,0
ENSP00000271620,0
ENSP00000271651,0
ENSP00000271657,0
ENSP00000271764,0
ENSP00000271835,0
ENSP00000271883,0
ENSP00000271915,0
ENSP00000272238,0
ENSP00000272321,0
ENSP00000272418,0
ENSP00000272430,0
ENSP00000272433,0
ENSP00000272520,0
ENSP00000273047,0
ENSP00000273173,0
ENSP00000273183,0
ENSP00000273398,0
ENSP00000273482,0
ENSP00000273550,0
ENSP00000273590,0
ENSP00000273666,0
ENSP00000273859,0
ENSP00000273861,0
ENSP00000273905,0
ENSP00000273980,0
ENSP00000273986,0
ENSP00000274008,0
ENSP00000274134,0
ENSP00000274242,0
ENSP00000274255,0
ENSP00000274341,0
ENSP00000274457,0
ENSP00000274487,0
ENSP00000274695,0
ENSP00000274711,0
ENSP00000274766,0
ENSP00000274793,0
ENSP00000275200,0
ENSP00000275493,0
ENSP00000275730,0
ENSP00000275766,0
ENSP00000276014,0
ENSP00000276062,0
ENSP00000276123,0
ENSP00000276127,0
ENSP00000276202,0
ENSP00000276326,0
ENSP00000276410,0
ENSP00000276416,0
ENSP00000276440,0
ENSP00000276461,0
ENSP00000276569,0
ENSP00000276594,0
ENSP00000276692,0
ENSP00000276708,0
ENSP00000276893,0
ENSP00000277575,0
ENSP00000277903,0
ENSP00000278070,0
ENSP00000278174,0
ENSP00000278200,0
ENSP00000278319,0
ENSP00000278360,0
ENSP00000278715,0
ENSP00000278742,0
ENSP00000278772,0
ENSP00000278816,0
ENSP00000278836,0
ENSP00000278935,0
ENSP00000278937,0
ENSP00000279024,0
ENSP00000279027,0
ENSP00000279028,0
ENSP00000279146,0
ENSP00000279227,0
ENSP00000279386,0
ENSP00000279575,0
ENSP00000280082,0
ENSP00000280083,0
ENSP00000280155,0
ENSP00000280326,0
ENSP00000280551,0
ENSP00000280605,0
ENSP00000280606,0
ENSP00000280684,0
ENSP00000280706,0
ENSP00000281017,0
ENSP00000281031,0
ENSP00000281047,0
ENSP00000281243,0
ENSP00000281273,0
ENSP00000281437,0
ENSP00000281441,0
ENSP00000281741,0
ENSP00000281821,0
ENSP00000281938,0
ENSP00000281961,0
ENSP00000282007,0
ENSP00000282032,0
ENSP00000282058,0
ENSP00000282074,0
ENSP00000282077,0
ENSP00000282091,0
ENSP00000282223,0
ENSP00000282226,0
ENSP00000282486,0
ENSP00000282728,0
ENSP00000282841,0
ENSP00000282928,0
ENSP00000283027,0
ENSP00000283147,0
ENSP00000283233,0
ENSP00000283254,0
ENSP00000283290,0
ENSP00000283752,0
ENSP00000283882,0
ENSP00000283921,0
ENSP00000284031,0
ENSP00000284116,0
ENSP00000284154,0
ENSP00000284245,0
ENSP00000284382,0
ENSP00000284476,0
ENSP00000284719,0
ENSP00000284727,0
ENSP00000284951,0
ENSP00000285046,0
ENSP00000285093,0
ENSP00000285199,0
ENSP00000285273,0
ENSP00000285402,0
ENSP00000285599,0
ENSP00000285679,0
ENSP00000285697,0
ENSP00000285814,0
ENSP00000285968,0
ENSP00000286234,0
ENSP00000286349,0
ENSP00000286614,0
ENSP00000286688,0
ENSP00000286719,0
ENSP00000286733,0
ENSP00000286794,0
ENSP00000287008,0
ENSP00000287025,0
ENSP00000287275,0
ENSP00000287295,0
ENSP00000287387,0
ENSP00000287641,0
ENSP00000287701,0
ENSP00000287713,0
ENSP00000287727,0
ENSP00000287908,0
ENSP00000288040,0
ENSP00000288050,0
ENSP00000288065,0
ENSP00000288071,0
ENSP00000288087,0
ENSP00000288177,0
ENSP00000288199,0
ENSP00000288422,0
ENSP00000288670,0
ENSP00000289228,0
ENSP00000289382,0
ENSP00000289431,0
ENSP00000289448,0
ENSP00000289805,0
ENSP00000289902,0
ENSP00000289921,0
ENSP00000289952,0
ENSP00000290122,0
ENSP00000290208,0
ENSP00000290310,0
ENSP00000290583,0
ENSP00000290776,0
ENSP00000290795,0
ENSP00000290846,0
ENSP00000290943,0
ENSP00000290974,0
ENSP00000291041,0
ENSP00000291281,0
ENSP00000291416,0
ENSP00000291458,0
ENSP00000291560,0
ENSP00000291572,0
ENSP00000291670,0
ENSP00000291715,0
ENSP00000291842,0
ENSP00000291906,0
ENSP00000292055,0
ENSP00000292090,0
ENSP00000292147,0
ENSP00000292303,0
ENSP00000292330,0
ENSP00000292357,0
ENSP00000292363,0
ENSP00000292475,0
ENSP00000292476,0
ENSP00000292672,0
ENSP00000292782,0
ENSP00000292841,0
ENSP00000293190,0
ENSP00000293276,0
ENSP00000293350,0
ENSP00000293670,0
ENSP00000293695,0
ENSP00000293761,0
ENSP00000293780,0
ENSP00000293831,0
ENSP00000293872,0
ENSP00000294117,0
ENSP00000294288,0
ENSP00000294309,0
ENSP00000294312,0
ENSP00000294454,0
ENSP00000294904,0
ENSP00000294954,0
ENSP00000295057,0
ENSP00000295066,0
ENSP00000295083,0
ENSP00000295108,0
ENSP00000295131,0
ENSP00000295206,0
ENSP00000295225,0
ENSP00000295256,0
ENSP00000295269,0
ENSP00000295290,0
ENSP00000295317,0
ENSP00000295321,0
ENSP00000295440,0
ENSP00000295461,0
ENSP00000295588,0
ENSP00000295682,0
ENSP00000295702,0
ENSP00000295713,0
ENSP00000295727,0
ENSP00000295728,0
ENSP00000295757,0
ENSP00000295834,0
ENSP00000295878,0
ENSP00000295890,0
ENSP00000295897,0
ENSP00000295924,0
ENSP00000295927,0
ENSP00000295962,0
ENSP00000295980,0
ENSP00000296026,0
ENSP00000296029,0
ENSP00000296084,0
ENSP00000296091,0
ENSP00000296096,0
ENSP00000296121,0
ENSP00000296127,0
ENSP00000296137,0
ENSP00000296142,0
ENSP00000296161,0
ENSP00000296181,0
ENSP00000296233,0
ENSP00000296280,0
ENSP00000296326,0
ENSP00000296350,0
ENSP00000296438,0
ENSP00000296444,0
ENSP00000296474,0
ENSP00000296484,0
ENSP00000296499,0
ENSP00000296509,0
ENSP00000296557,0
ENSP00000296595,0
ENSP00000296632,0
ENSP00000296641,0
ENSP00000296677,0
ENSP00000296736,0
ENSP00000296755,0
ENSP00000296777,0
ENSP00000296824,0
ENSP00000296859,0
ENSP00000296871,0
ENSP00000296930,0
ENSP00000296946,0
ENSP00000297012,0
ENSP00000297056,0
ENSP00000297156,0
ENSP00000297203,0
ENSP00000297239,0
ENSP00000297282,0
ENSP00000297290,0
ENSP00000297313,0
ENSP00000297435,0
ENSP00000297459,0
ENSP00000297494,0
ENSP00000297613,0
ENSP00000297625,0
ENSP00000297737,0
ENSP00000297785,0
ENSP00000297857,0
ENSP00000297904,0
ENSP00000297977,0
ENSP00000297991,0
ENSP00000298048,0
ENSP00000298110,0
ENSP00000298198,0
ENSP00000298248,0
ENSP00000298282,0
ENSP00000298299,0
ENSP00000298316,0
ENSP00000298396,0
ENSP00000298532,0
ENSP00000298542,0
ENSP00000298556,0
ENSP00000298687,0
ENSP00000298690,0
ENSP00000298910,0
ENSP00000298942,0
ENSP00000299192,0
ENSP00000299194,0
ENSP00000299198,0
ENSP00000299237,0
ENSP00000299259,0
ENSP00000299295,0
ENSP00000299308,0
ENSP00000299335,0
ENSP00000299339,0
ENSP00000299353,0
ENSP00000299381,0
ENSP00000299402,0
ENSP00000299421,0
ENSP00000299440,0
ENSP00000299459,0
ENSP00000299518,0
ENSP00000299667,0
ENSP00000299759,0
ENSP00000299853,0
ENSP00000299882,0
ENSP00000299964,0
ENSP00000299977,0
ENSP00000300079,0
ENSP00000300086,0
ENSP00000300098,0
ENSP00000300107,0
ENSP00000300119,0
ENSP00000300127,0
ENSP00000300145,0
ENSP00000300176,0
ENSP00000300181,0
ENSP00000300213,0
ENSP00000300215,0
ENSP00000300231,0
ENSP00000300303,0
ENSP00000300403,0
ENSP00000300404,0
ENSP00000300406,0
ENSP00000300452,0
ENSP00000300515,0
ENSP00000300591,0
ENSP00000300659,0
ENSP00000300714,0
ENSP00000300835,0
ENSP00000300850,0
ENSP00000301011,0
ENSP00000301012,0
ENSP00000301039,0
ENSP00000301046,0
ENSP00000301061,0
ENSP00000301093,0
ENSP00000301263,0
ENSP00000301264,0
ENSP00000301329,0
ENSP00000301332,0
ENSP00000301364,0
ENSP00000301420,0
ENSP00000301452,0
ENSP00000301459,0
ENSP00000301522,0
ENSP00000301529,0
ENSP00000301633,0
ENSP00000301634,0
ENSP00000301665,0
ENSP00000301678,0
ENSP00000301717,0
ENSP00000301744,0
ENSP00000301764,0
ENSP00000301765,0
ENSP00000301776,0
ENSP00000301825,0
ENSP00000301831,0
ENSP00000301908,0
ENSP00000301956,0
ENSP00000301974,0
ENSP00000302046,0
ENSP00000302077,0
ENSP00000302105,0
ENSP00000302114,0
ENSP00000302166,0
ENSP00000302251,0
ENSP00000302393,0
ENSP00000302422,0
ENSP00000302456,0
ENSP00000302530,0
ENSP00000302578,0
ENSP00000302606,0
ENSP00000302621,0
ENSP00000302639,0
ENSP00000302647,0
ENSP00000302768,0
ENSP00000302770,0
ENSP00000302811,0
ENSP00000302814,0
ENSP00000302851,0
ENSP00000302855,0
ENSP00000302951,0
ENSP00000303015,0
ENSP00000303111,0
ENSP00000303153,0
ENSP00000303246,0
ENSP00000303315,0
ENSP00000303356,0
ENSP00000303434,0
ENSP00000303437,0
ENSP00000303452,0
ENSP00000303490,0
ENSP00000303508,0
ENSP00000303696,0
ENSP00000303709,0
ENSP00000303712,0
ENSP00000303887,0
ENSP00000303889,0
ENSP00000303915,0
ENSP00000303928,0
ENSP00000303987,0
ENSP00000303992,0
ENSP00000303997,0
ENSP00000304032,0
ENSP00000304108,0
ENSP00000304133,0
ENSP00000304139,0
ENSP00000304169,0
ENSP00000304192,0
ENSP00000304198,0
ENSP00000304235,0
ENSP00000304250,0
ENSP00000304290,0
ENSP00000304353,0
ENSP00000304408,0
ENSP00000304501,0
ENSP00000304502,0
ENSP00000304713,0
ENSP00000304846,0
ENSP00000304908,0
ENSP00000304930,0
ENSP00000305005,0
ENSP00000305011,0
ENSP00000305055,0
ENSP00000305152,0
ENSP00000305193,0
ENSP00000305255,0
ENSP00000305416,0
ENSP00000305422,0
ENSP00000305465,0
ENSP00000305556,0
ENSP00000305653,0
ENSP00000305682,0
ENSP00000305714,0
ENSP00000305721,0
ENSP00000305766,0
ENSP00000305769,0
ENSP00000305777,0
ENSP00000305852,0
ENSP00000305918,0
ENSP00000305926,0
ENSP00000305974,0
ENSP00000306070,0
ENSP00000306100,0
ENSP00000306117,0
ENSP00000306223,0
ENSP00000306245,0
ENSP00000306324,0
ENSP00000306356,0
ENSP00000306512,0
ENSP00000306522,0
ENSP00000306548,0
ENSP00000306561,0
ENSP00000306564,0
ENSP00000306817,0
ENSP00000306864,0
ENSP00000306894,0
ENSP00000307041,0
ENSP00000307078,0
ENSP00000307080,0
ENSP00000307093,0
ENSP00000307132,0
ENSP00000307164,0
ENSP00000307241,0
ENSP00000307265,0
ENSP00000307272,0
ENSP00000307321,0
ENSP00000307445,0
ENSP00000307461,0
ENSP00000307525,0
ENSP00000307640,0
ENSP00000307674,0
ENSP00000307939,0
ENSP00000308012,0
ENSP00000308082,0
ENSP00000308219,0
ENSP00000308236,0
ENSP00000308252,0
ENSP00000308270,0
ENSP00000308315,0
ENSP00000308318,0
ENSP00000308344,0
ENSP00000308361,0
ENSP00000308369,0
ENSP00000308496,0
ENSP00000308578,0
ENSP00000308583,0
ENSP00000308595,0
ENSP00000308689,0
ENSP00000308720,0
ENSP00000308727,0
ENSP00000308774,0
ENSP00000308887,0
ENSP00000308893,0
ENSP00000308897,0
ENSP00000308901,0
ENSP00000308925,0
ENSP00000308926,0
ENSP00000309031,0
ENSP00000309052,0
ENSP00000309116,0
ENSP00000309126,0
ENSP00000309148,0
ENSP00000309175,0
ENSP00000309230,0
ENSP00000309336,0
ENSP00000309463,0
ENSP00000309474,0
ENSP00000309509,0
ENSP00000309539,0
ENSP00000309561,0
ENSP00000309570,0
ENSP00000309572,0
ENSP00000309595,0
ENSP00000309649,0
ENSP00000309710,0
ENSP00000309757,0
ENSP00000309792,0
ENSP00000310003,0
ENSP00000310015,0
ENSP00000310033,0
ENSP00000310117,0
ENSP00000310127,0
ENSP00000310205,0
ENSP00000310208,0
ENSP00000310216,0
ENSP00000310305,0
ENSP00000310337,0
ENSP00000310375,0
ENSP00000310406,0
ENSP00000310515,0
ENSP00000310573,0
ENSP00000310585,0
ENSP00000310661,0
ENSP00000310686,0
ENSP00000310688,0
ENSP00000310770,0
ENSP00000310829,0
ENSP00000310832,0
ENSP00000310861,0
ENSP00000310878,0
ENSP00000310928,0
ENSP00000310935,0
ENSP00000311010,0
ENSP00000311038,0
ENSP00000311095,0
ENSP00000311122,0
ENSP00000311127,0
ENSP00000311135,0
ENSP00000311165,0
ENSP00000311196,0
ENSP00000311221,0
ENSP00000311313,0
ENSP00000311360,0
ENSP00000311398,0
ENSP00000311436,0
ENSP00000311453,0
ENSP00000311493,0
ENSP00000311496,0
ENSP00000311545,0
ENSP00000311657,0
ENSP00000311684,0
ENSP00000311688,0
ENSP00000311905,0
ENSP00000312001,0
ENSP00000312042,0
ENSP00000312126,0
ENSP00000312185,0
ENSP00000312250,0
ENSP00000312272,0
ENSP00000312286,0
ENSP00000312309,0
ENSP00000312318,0
ENSP00000312356,0
ENSP00000312367,0
ENSP00000312370,0
ENSP00000312403,0
ENSP00000312439,0
ENSP00000312455,0
ENSP00000312458,0
ENSP00000312599,0
ENSP00000312606,0
ENSP00000312618,0
ENSP00000312663,0
ENSP00000312675,0
ENSP00000312700,0
ENSP00000312946,0
ENSP00000312988,0
ENSP00000312999,0
ENSP00000313021,0
ENSP00000313140,0
ENSP00000313172,0
ENSP00000313258,0
ENSP00000313318,0
ENSP00000313408,0
ENSP00000313437,0
ENSP00000313571,0
ENSP00000313674,0
ENSP00000313691,0
ENSP00000313699,0
ENSP00000313809,0
ENSP00000313829,0
ENSP00000313854,0
ENSP00000313881,0
ENSP00000313983,0
ENSP00000314036,0
ENSP00000314042,0
ENSP00000314129,0
ENSP00000314193,0
ENSP00000314214,0
ENSP00000314311,0
ENSP00000314343,0
ENSP00000314484,0
ENSP00000314518,0
ENSP00000314520,0
ENSP00000314776,0
ENSP00000314901,0
ENSP00000314910,0
ENSP00000314946,0
ENSP00000314992,0
ENSP00000315035,0
ENSP00000315047,0
ENSP00000315070,0
ENSP00000315106,0
ENSP00000315137,0
ENSP00000315351,0
ENSP00000315357,0
ENSP00000315387,0
ENSP00000315743,0
ENSP00000315774,0
ENSP00000315870,0
ENSP00000315997,0
ENSP00000316007,0
ENSP00000316053,0
ENSP00000316176,0
ENSP00000316193,0
ENSP00000316228,0
ENSP00000316329,0
ENSP00000316338,0
ENSP00000316357,0
ENSP00000316426,0
ENSP00000316457,0
ENSP00000316482,0
ENSP00000316628,0
ENSP00000316649,0
ENSP00000316675,0
ENSP00000316737,0
ENSP00000316786,0
ENSP00000316881,0
ENSP00000316891,0
ENSP00000317027,0
ENSP00000317214,0
ENSP00000317232,0
ENSP00000317289,0
ENSP00000317431,0
ENSP00000317439,0
ENSP00000317469,0
ENSP00000317595,0
ENSP00000317614,0
ENSP00000317721,0
ENSP00000317817,0
ENSP00000317842,0
ENSP00000317955,0
ENSP00000318016,0
ENSP00000318029,0
ENSP00000318057,0
ENSP00000318094,0
ENSP00000318222,0
ENSP00000318270,0
ENSP00000318373,0
ENSP00000318629,0
ENSP00000318631,0
ENSP00000318674,0
ENSP00000318868,0
ENSP00000318878,0
ENSP00000318898,0
ENSP00000318912,0
ENSP00000318986,0
ENSP00000319052,0
ENSP00000319118,0
ENSP00000319197,0
ENSP00000319254,0
ENSP00000319279,0
ENSP00000319281,0
ENSP00000319388,0
ENSP00000319412,0
ENSP00000319474,0
ENSP00000319590,0
ENSP00000319591,0
ENSP00000319651,0
ENSP00000319654,0
ENSP00000319744,0
ENSP00000319756,0
ENSP00000319778,0
ENSP00000319796,0
ENSP00000319799,0
ENSP00000319831,0
ENSP00000319851,0
ENSP00000319974,0
ENSP00000319991,0
ENSP00000319992,0
ENSP00000320219,0
ENSP00000320295,0
ENSP00000320376,0
ENSP00000320520,0
ENSP00000320604,0
ENSP00000320650,0
ENSP00000320672,0
ENSP00000320849,0
ENSP00000320869,0
ENSP00000320924,0
ENSP00000320965,0
ENSP00000321029,0
ENSP00000321038,0
ENSP00000321132,0
ENSP00000321179,0
ENSP00000321209,0
ENSP00000321347,0
ENSP00000321389,0
ENSP00000321424,0
ENSP00000321498,0
ENSP00000321519,0
ENSP00000321573,0
ENSP00000321606,0
ENSP00000321706,0
ENSP00000321731,0
ENSP00000321732,0
ENSP00000321735,0
ENSP00000321746,0
ENSP00000321810,0
ENSP00000321812,0
ENSP00000321821,0
ENSP00000321927,0
ENSP00000321999,0
ENSP00000322108,0
ENSP00000322192,0
ENSP00000322238,0
ENSP00000322242,0
ENSP00000322300,0
ENSP00000322304,0
ENSP00000322343,0
ENSP00000322427,0
ENSP00000322570,0
ENSP00000322593,0
ENSP00000322609,0
ENSP00000322730,0
ENSP00000322754,0
ENSP00000322775,0
ENSP00000322784,0
ENSP00000322788,0
ENSP00000322801,0
ENSP00000322956,0
ENSP00000323046,0
ENSP00000323050,0
ENSP00000323148,0
ENSP00000323183,0
ENSP00000323191,0
ENSP00000323224,0
ENSP00000323300,0
ENSP00000323313,0
ENSP00000323511,0
ENSP00000323587,0
ENSP00000323588,0
ENSP00000323606,0
ENSP00000323645,0
ENSP00000323659,0
ENSP00000323670,0
ENSP00000323686,0
ENSP00000323740,0
ENSP00000323782,0
ENSP00000323856,0
ENSP00000323879,0
ENSP00000323928,0
ENSP00000323945,0
ENSP00000323982,0
ENSP00000324074,0
ENSP00000324173,0
ENSP00000324175,0
ENSP00000324203,0
ENSP00000324205,0
ENSP00000324422,0
ENSP00000324570,0
ENSP00000324573,0
ENSP00000324605,0
ENSP00000324628,0
ENSP00000324693,0
ENSP00000324740,0
ENSP00000324857,0
ENSP00000324920,0
ENSP00000324948,0
ENSP00000325038,0
ENSP00000325074,0
ENSP00000325266,0
ENSP00000325301,0
ENSP00000325369,0
ENSP00000325376,0
ENSP00000325402,0
ENSP00000325508,0
ENSP00000325561,0
ENSP00000325618,0
ENSP00000325638,0
ENSP00000325660,0
ENSP00000325677,0
ENSP00000325690,0
ENSP00000325708,0
ENSP00000325808,0
ENSP00000325827,0
ENSP00000325905,0
ENSP00000325919,0
ENSP00000326003,0
ENSP00000326031,0
ENSP00000326052,0
ENSP00000326119,0
ENSP00000326200,0
ENSP00000326219,0
ENSP00000326238,0
ENSP00000326261,0
ENSP00000326267,0
ENSP00000326366,0
ENSP00000326432,0
ENSP00000326491,0
ENSP00000326519,0
ENSP00000326550,0
ENSP00000326652,0
ENSP00000326693,0
ENSP00000326759,0
ENSP00000326767,0
ENSP00000326869,0
ENSP00000326948,0
ENSP00000327077,0
ENSP00000327104,0
ENSP00000327143,0
ENSP00000327145,0
ENSP00000327214,0
ENSP00000327246,0
ENSP00000327251,0
ENSP00000327255,0
ENSP00000327386,0
ENSP00000327427,0
ENSP00000327440,0
ENSP00000327467,0
ENSP00000327525,0
ENSP00000327538,0
ENSP00000327557,0
ENSP00000327738,0
ENSP00000327764,0
ENSP00000327801,0
ENSP00000327943,0
ENSP00000327959,0
ENSP00000328069,0
ENSP00000328079,0
ENSP00000328083,0
ENSP00000328203,0
ENSP00000328307,0
ENSP00000328336,0
ENSP00000328347,0
ENSP00000328358,0
ENSP00000328359,0
ENSP00000328410,0
ENSP00000328426,0
ENSP00000328524,0
ENSP00000328547,0
ENSP00000328672,0
ENSP00000328698,0
ENSP00000328773,0
ENSP00000328777,0
ENSP00000328915,0
ENSP00000328939,0
ENSP00000328992,0
ENSP00000329040,0
ENSP00000329056,0
ENSP00000329097,0
ENSP00000329140,0
ENSP00000329213,0
ENSP00000329380,0
ENSP00000329452,0
ENSP00000329454,0
ENSP00000329467,0
ENSP00000329507,0
ENSP00000329539,0
ENSP00000329565,0
ENSP00000329584,0
ENSP00000329638,0
ENSP00000329684,0
ENSP00000329689,0
ENSP00000329698,0
ENSP00000329967,0
ENSP00000330032,0
ENSP00000330060,0
ENSP00000330138,0
ENSP00000330199,0
ENSP00000330200,0
ENSP00000330216,0
ENSP00000330219,0
ENSP00000330280,0
ENSP00000330307,0
ENSP00000330343,0
ENSP00000330361,0
ENSP00000330374,0
ENSP00000330381,0
ENSP00000330382,0
ENSP00000330433,0
ENSP00000330475,0
ENSP00000330485,0
ENSP00000330488,0
ENSP00000330606,0
ENSP00000330631,0
ENSP00000330838,0
ENSP00000330842,0
ENSP00000330877,0
ENSP00000330878,0
ENSP00000331040,0
ENSP00000331103,0
ENSP00000331258,0
ENSP00000331305,0
ENSP00000331327,0
ENSP00000331358,0
ENSP00000331363,0
ENSP00000331376,0
ENSP00000331435,0
ENSP00000331514,0
ENSP00000331540,0
ENSP00000331692,0
ENSP00000331748,0
ENSP00000331789,0
ENSP00000331867,0
ENSP00000331897,0
ENSP00000331907,0
ENSP00000331912,0
ENSP00000331915,0
ENSP00000331965,0
ENSP00000332034,0
ENSP00000332062,0
ENSP00000332118,0
ENSP00000332139,0
ENSP00000332162,0
ENSP00000332171,0
ENSP00000332284,0
ENSP00000332293,0
ENSP00000332340,0
ENSP00000332407,0
ENSP00000332433,0
ENSP00000332604,0
ENSP00000332679,0
ENSP00000332788,0
ENSP00000332790,0
ENSP00000332806,0
ENSP00000332875,0
ENSP00000332887,0
ENSP00000332973,0
ENSP00000332979,0
ENSP00000333003,0
ENSP00000333157,0
ENSP00000333188,0
ENSP00000333203,0
ENSP00000333350,0
ENSP00000333593,0
ENSP00000333627,0
ENSP00000333666,0
ENSP00000333744,0
ENSP00000333800,0
ENSP00000333823,0
ENSP00000333836,0
ENSP00000333887,0
ENSP00000333917,0
ENSP00000333926,0
ENSP00000333946,0
ENSP00000333952,0
ENSP00000333982,0
ENSP00000334042,0
ENSP00000334044,0
ENSP00000334052,0
ENSP00000334128,0
ENSP00000334181,0
ENSP00000334219,0
ENSP00000334267,0
ENSP00000334294,0
ENSP00000334375,0
ENSP00000334394,0
ENSP00000334448,0
ENSP00000334538,0
ENSP00000334547,0
ENSP00000334564,0
ENSP00000334594,0
ENSP00000334625,0
ENSP00000334714,0
ENSP00000334836,0
ENSP00000334848,0
ENSP00000334910,0
ENSP00000334922,0
ENSP00000334985,0
ENSP00000335004,0
ENSP00000335006,0
ENSP00000335024,0
ENSP00000335038,0
ENSP00000335060,0
ENSP00000335074,0
ENSP00000335083,0
ENSP00000335196,0
ENSP00000335223,0
ENSP00000335285,0
ENSP00000335333,0
ENSP00000335382,0
ENSP00000335437,0
ENSP00000335511,0
ENSP00000335557,0
ENSP00000335560,0
ENSP00000335565,0
ENSP00000335592,0
ENSP00000335605,0
ENSP00000335615,0
ENSP00000335616,0
ENSP00000335620,0
ENSP00000335651,0
ENSP00000335660,0
ENSP00000336127,0
ENSP00000336552,0
ENSP00000336661,0
ENSP00000336702,0
ENSP00000336719,0
ENSP00000336721,0
ENSP00000336733,0
ENSP00000336740,0
ENSP00000336750,0
ENSP00000336790,0
ENSP00000336817,0
ENSP00000336856,0
ENSP00000336887,0
ENSP00000336894,0
ENSP00000336914,0
ENSP00000336923,0
ENSP00000336940,0
ENSP00000337044,0
ENSP00000337081,0
ENSP00000337146,0
ENSP00000337159,0
ENSP00000337332,0
ENSP00000337340,0
ENSP00000337396,0
ENSP00000337432,0
ENSP00000337443,0
ENSP00000337451,0
ENSP00000337477,0
ENSP00000337512,0
ENSP00000337623,0
ENSP00000337691,0
ENSP00000337697,0
ENSP00000337722,0
ENSP00000337724,0
ENSP00000337732,0
ENSP00000337746,0
ENSP00000337773,0
ENSP00000337816,0
ENSP00000337825,0
ENSP00000337853,0
ENSP00000338413,0
ENSP00000338532,0
ENSP00000338562,0
ENSP00000338627,0
ENSP00000338728,0
ENSP00000338769,0
ENSP00000338799,0
ENSP00000338814,0
ENSP00000338860,0
ENSP00000338864,0
ENSP00000338887,0
ENSP00000338927,0
ENSP00000339057,0
ENSP00000339095,0
ENSP00000339145,0
ENSP00000339155,0
ENSP00000339207,0
ENSP00000339250,0
ENSP00000339260,0
ENSP00000339280,0
ENSP00000339314,0
ENSP00000339340,0
ENSP00000339382,0
ENSP00000339390,0
ENSP00000339399,0
ENSP00000339479,0
ENSP00000339484,0
ENSP00000339521,0
ENSP00000339587,0
ENSP00000339621,0
ENSP00000339626,0
ENSP00000339681,0
ENSP00000339692,0
ENSP00000339820,0
ENSP00000339824,0
ENSP00000339826,0
ENSP00000339844,0
ENSP00000339845,0
ENSP00000339850,0
ENSP00000339958,0
ENSP00000340191,0
ENSP00000340210,0
ENSP00000340237,0
ENSP00000340281,0
ENSP00000340292,0
ENSP00000340297,0
ENSP00000340361,0
ENSP00000340467,0
ENSP00000340494,0
ENSP00000340505,0
ENSP00000340523,0
ENSP00000340546,0
ENSP00000340590,0
ENSP00000340594,0
ENSP00000340608,0
ENSP00000340683,0
ENSP00000340688,0
ENSP00000340691,0
ENSP00000340703,0
ENSP00000340820,0
ENSP00000340836,0
ENSP00000340839,0
ENSP00000340841,0
ENSP00000340864,0
ENSP00000340900,0
ENSP00000340937,0
ENSP00000340943,0
ENSP00000341082,0
ENSP00000341141,0
ENSP00000341170,0
ENSP00000341189,0
ENSP00000341208,0
ENSP00000341213,0
ENSP00000341267,0
ENSP00000341490,0
ENSP00000341524,0
ENSP00000341550,0
ENSP00000341610,0
ENSP00000341681,0
ENSP00000341762,0
ENSP00000341794,0
ENSP00000341805,0
ENSP00000341843,0
ENSP00000341992,0
ENSP00000342012,0
ENSP00000342015,0
ENSP00000342026,0
ENSP00000342070,0
ENSP00000342109,0
ENSP00000342121,0
ENSP00000342267,0
ENSP00000342322,0
ENSP00000342344,0
ENSP00000342499,0
ENSP00000342560,0
ENSP00000342604,0
ENSP00000342626,0
ENSP00000342711,0
ENSP00000342886,0
ENSP00000342931,0
ENSP00000342952,0
ENSP00000342962,0
ENSP00000342991,0
ENSP00000343040,0
ENSP00000343212,0
ENSP00000343242,0
ENSP00000343244,0
ENSP00000343248,0
ENSP00000343298,0
ENSP00000343325,0
ENSP00000343348,0
ENSP00000343443,0
ENSP00000343445,0
ENSP00000343463,0
ENSP00000343515,0
ENSP00000343526,0
ENSP00000343552,0
ENSP00000343645,0
ENSP00000343706,0
ENSP00000343742,0
ENSP00000343871,0
ENSP00000343877,0
ENSP00000343990,0
ENSP00000344071,0
ENSP00000344192,0
ENSP00000344233,0
ENSP00000344352,0
ENSP00000344420,0
ENSP00000344579,0
ENSP00000344635,0
ENSP00000344729,0
ENSP00000344779,0
ENSP00000344942,0
ENSP00000344996,0
ENSP00000345055,0
ENSP00000345060,0
ENSP00000345163,0
ENSP00000345206,0
ENSP00000345292,0
ENSP00000345333,0
ENSP00000345374,0
ENSP00000345405,0
ENSP00000345470,0
ENSP00000345492,0
ENSP00000345512,0
ENSP00000345599,0
ENSP00000345681,0
ENSP00000345689,0
ENSP00000345751,0
ENSP00000345773,0
ENSP00000345964,0
ENSP00000345972,0
ENSP00000346012,0
ENSP00000346027,0
ENSP00000346120,0
ENSP00000346196,0
ENSP00000346240,0
ENSP00000346342,0
ENSP00000346401,0
ENSP00000346414,0
ENSP00000346442,0
ENSP00000346537,0
ENSP00000346694,0
ENSP00000346733,0
ENSP00000346879,0
ENSP00000346901,0
ENSP00000346981,0
ENSP00000346987,0
ENSP00000346997,0
ENSP00000347005,0
ENSP00000347046,0
ENSP00000347169,0
ENSP00000347170,0
ENSP00000347195,0
ENSP00000347210,0
ENSP00000347232,0
ENSP00000347324,0
ENSP00000347329,0
ENSP00000347408,0
ENSP00000347444,0
ENSP00000347486,0
ENSP00000347596,0
ENSP00000347602,0
ENSP00000347648,0
ENSP00000347716,0
ENSP00000347733,0
ENSP00000347821,0
ENSP00000347834,0
ENSP00000347839,0
ENSP00000347858,0
ENSP00000347890,0
ENSP00000347916,0
ENSP00000347997,0
ENSP00000348020,0
ENSP00000348050,0
ENSP00000348064,0
ENSP00000348205,0
ENSP00000348211,0
ENSP00000348258,0
ENSP00000348308,0
ENSP00000348384,0
ENSP00000348395,0
ENSP00000348471,0
ENSP00000348472,0
ENSP00000348510,0
ENSP00000348527,0
ENSP00000348554,0
ENSP00000348565,0
ENSP00000348577,0
ENSP00000348602,0
ENSP00000348635,0
ENSP00000348752,0
ENSP00000348813,0
ENSP00000348944,0
ENSP00000348959,0
ENSP00000348986,0
ENSP00000349022,0
ENSP00000349098,0
ENSP00000349131,0
ENSP00000349143,0
ENSP00000349147,0
ENSP00000349154,0
ENSP00000349168,0
ENSP00000349205,0
ENSP00000349250,0
ENSP00000349291,0
ENSP00000349296,0
ENSP00000349305,0
ENSP00000349324,0
ENSP00000349359,0
ENSP00000349396,0
ENSP00000349401,0
ENSP00000349437,0
ENSP00000349459,0
ENSP00000349477,0
ENSP00000349541,0
ENSP00000349560,0
ENSP00000349616,0
ENSP00000349658,0
ENSP00000349687,0
ENSP00000349732,0
ENSP00000349770,0
ENSP00000349781,0
ENSP00000349785,0
ENSP00000349823,0
ENSP00000349824,0
ENSP00000349893,0
ENSP00000349902,0
ENSP00000349923,0
ENSP00000349930,0
ENSP00000349945,0
ENSP00000349954,0
ENSP00000349967,0
ENSP00000350012,0
ENSP00000350028,0
ENSP00000350159,0
ENSP00000350248,0
ENSP00000350353,0
ENSP00000350359,0
ENSP00000350387,0
ENSP00000350415,0
ENSP00000350418,0
ENSP00000350425,0
ENSP00000350475,0
ENSP00000350592,0
ENSP00000350630,0
ENSP00000350673,0
ENSP00000350720,0
ENSP00000350757,0
ENSP00000350789,0
ENSP00000350914,0
ENSP00000350937,0
ENSP00000350941,0
ENSP00000350961,0
ENSP00000350965,0
ENSP00000350976,0
ENSP00000351047,0
ENSP00000351049,0
ENSP00000351137,0
ENSP00000351138,0
ENSP00000351157,0
ENSP00000351190,0
ENSP00000351207,0
ENSP00000351325,0
ENSP00000351333,0
ENSP00000351342,0
ENSP00000351407,0
ENSP00000351466,0
ENSP00000351482,0
ENSP00000351490,0
ENSP00000351503,0
ENSP00000351530,0
ENSP00000351575,0
ENSP00000351589,0
ENSP00000351650,0
ENSP00000351695,0
ENSP00000351740,0
ENSP00000351755,0
ENSP00000351777,0
ENSP00000351884,0
ENSP00000351894,0
ENSP00000351947,0
ENSP00000352071,0
ENSP00000352097,0
ENSP00000352111,0
ENSP00000352175,0
ENSP00000352270,0
ENSP00000352271,0
ENSP00000352282,0
ENSP00000352305,0
ENSP00000352401,0
ENSP00000352425,0
ENSP00000352544,0
ENSP00000352575,0
ENSP00000352601,0
ENSP00000352603,0
ENSP00000352604,0
ENSP00000352639,0
ENSP00000352657,0
ENSP00000352678,0
ENSP00000352738,0
ENSP00000352785,0
ENSP00000352802,0
ENSP00000352820,0
ENSP00000352834,0
ENSP00000352836,0
ENSP00000352839,0
ENSP00000352900,0
ENSP00000352904,0
ENSP00000352927,0
ENSP00000352992,0
ENSP00000353025,0
ENSP00000353072,0
ENSP00000353089,0
ENSP00000353093,0
ENSP00000353128,0
ENSP00000353157,0
ENSP00000353210,0
ENSP00000353249,0
ENSP00000353375,0
ENSP00000353444,0
ENSP00000353500,0
ENSP00000353575,0
ENSP00000353654,0
ENSP00000353670,0
ENSP00000353698,0
ENSP00000353741,0
ENSP00000353767,0
ENSP00000353794,0
ENSP00000353796,0
ENSP00000353863,0
ENSP00000353893,0
ENSP00000354032,0
ENSP00000354033,0
ENSP00000354109,0
ENSP00000354280,0
ENSP00000354313,0
ENSP00000354340,0
ENSP00000354347,0
ENSP00000354453,0
ENSP00000354525,0
ENSP00000354526,0
ENSP00000354543,0
ENSP00000354566,0
ENSP00000354590,0
ENSP00000354623,0
ENSP00000354633,0
ENSP00000354643,0
ENSP00000354671,0
ENSP00000354681,0
ENSP00000354689,0
ENSP00000354730,0
ENSP00000354739,0
ENSP00000354762,0
ENSP00000354769,0
ENSP00000354822,0
ENSP00000354841,0
ENSP00000354916,0
ENSP00000354927,0
ENSP00000354963,0
ENSP00000354966,0
ENSP00000354995,0
ENSP00000355022,0
ENSP00000355028,0
ENSP00000355031,0
ENSP00000355045,0
ENSP00000355086,0
ENSP00000355094,0
ENSP00000355109,0
ENSP00000355119,0
ENSP00000355121,0
ENSP00000355141,0
ENSP00000355205,0
ENSP00000355250,0
ENSP00000355251,0
ENSP00000355264,0
ENSP00000355279,0
ENSP00000355325,0
ENSP00000355353,0
ENSP00000355402,0
ENSP00000355428,0
ENSP00000355465,0
ENSP00000355467,0
ENSP00000355470,0
ENSP00000355492,0
ENSP00000355499,0
ENSP00000355541,0
ENSP00000355560,0
ENSP00000355609,0
ENSP00000355627,0
ENSP00000355657,0
ENSP00000355718,0
ENSP00000355719,0
ENSP00000355735,0
ENSP00000355751,0
ENSP00000355800,0
ENSP00000355890,0
ENSP00000355902,0
ENSP00000355923,0
ENSP00000355927,0
ENSP00000356016,0
ENSP00000356033,0
ENSP00000356058,0
ENSP00000356064,0
ENSP00000356104,0
ENSP00000356105,0
ENSP00000356110,0
ENSP00000356133,0
ENSP00000356134,0
ENSP00000356172,0
ENSP00000356182,0
ENSP00000356189,0
ENSP00000356191,0
ENSP00000356198,0
ENSP00000356257,0
ENSP00000356298,0
ENSP00000356348,0
ENSP00000356355,0
ENSP00000356386,0
ENSP00000356436,0
ENSP00000356465,0
ENSP00000356489,0
ENSP00000356529,0
ENSP00000356552,0
ENSP00000356560,0
ENSP00000356567,0
ENSP00000356574,0
ENSP00000356584,0
ENSP00000356694,0
ENSP00000356744,0
ENSP00000356791,0
ENSP00000356811,0
ENSP00000356840,0
ENSP00000356853,0
ENSP00000356912,0
ENSP00000356940,0
ENSP00000356982,0
ENSP00000356985,0
ENSP00000356999,0
ENSP00000357008,0
ENSP00000357020,0
ENSP00000357036,0
ENSP00000357047,0
ENSP00000357048,0
ENSP00000357057,0
ENSP00000357113,0
ENSP00000357167,0
ENSP00000357189,0
ENSP00000357206,0
ENSP00000357255,0
ENSP00000357301,0
ENSP00000357311,0
ENSP00000357360,0
ENSP00000357429,0
ENSP00000357452,0
ENSP00000357461,0
ENSP00000357484,0
ENSP00000357511,0
ENSP00000357516,0
ENSP00000357540,0
ENSP00000357565,0
ENSP00000357581,0
ENSP00000357583,0
ENSP00000357586,0
ENSP00000357594,0
ENSP00000357602,0
ENSP00000357625,0
ENSP00000357669,0
ENSP00000357692,0
ENSP00000357726,0
ENSP00000357748,0
ENSP00000357754,0
ENSP00000357757,0
ENSP00000357772,0
ENSP00000357773,0
ENSP00000357775,0
ENSP00000357810,0
ENSP00000357829,0
ENSP00000357909,0
ENSP00000357920,0
ENSP00000357943,0
ENSP00000358019,0
ENSP00000358059,0
ENSP00000358106,0
ENSP00000358142,0
ENSP00000358154,0
ENSP00000358170,0
ENSP00000358207,0
ENSP00000358217,0
ENSP00000358232,0
ENSP00000358283,0
ENSP00000358310,0
ENSP00000358323,0
ENSP00000358327,0
ENSP00000358391,0
ENSP00000358397,0
ENSP00000358421,0
ENSP00000358470,0
ENSP00000358501,0
ENSP00000358529,0
ENSP00000358532,0
ENSP00000358547,0
ENSP00000358571,0
ENSP00000358575,0
ENSP00000358596,0
ENSP00000358605,0
ENSP00000358640,0
ENSP00000358677,0
ENSP00000358703,0
ENSP00000358715,0
ENSP00000358737,0
ENSP00000358742,0
ENSP00000358763,0
ENSP00000358783,0
ENSP00000358784,0
ENSP00000358786,0
ENSP00000358794,0
ENSP00000358813,0
ENSP00000358851,0
ENSP00000358853,0
ENSP00000358862,0
ENSP00000358865,0
ENSP00000358884,0
ENSP00000358894,0
ENSP00000358953,0
ENSP00000358955,0
ENSP00000358967,0
ENSP00000358983,0
ENSP00000359034,0
ENSP00000359070,0
ENSP00000359095,0
ENSP00000359115,0
ENSP00000359131,0
ENSP00000359160,0
ENSP00000359219,0
ENSP00000359233,0
ENSP00000359290,0
ENSP00000359301,0
ENSP00000359375,0
ENSP00000359376,0
ENSP00000359378,0
ENSP00000359380,0
ENSP00000359398,0
ENSP00000359404,0
ENSP00000359423,0
ENSP00000359484,0
ENSP00000359497,0
ENSP00000359505,0
ENSP00000359531,0
ENSP00000359532,0
ENSP00000359540,0
ENSP00000359600,0
ENSP00000359607,0
ENSP00000359643,0
ENSP00000359675,0
ENSP00000359691,0
ENSP00000359759,0
ENSP00000359818,0
ENSP00000359866,0
ENSP00000359890,0
ENSP00000359892,0
ENSP00000359899,0
ENSP00000359928,0
ENSP00000359942,0
ENSP00000360020,0
ENSP00000360031,0
ENSP00000360116,0
ENSP00000360120,0
ENSP00000360124,0
ENSP00000360133,0
ENSP00000360157,0
ENSP00000360181,0
ENSP00000360184,0
ENSP00000360240,0
ENSP00000360247,0
ENSP00000360255,0
ENSP00000360268,0
ENSP00000360437,0
ENSP00000360441,0
ENSP00000360473,0
ENSP00000360502,0
ENSP00000360515,0
ENSP00000360530,0
ENSP00000360583,0
ENSP00000360597,0
ENSP00000360621,0
ENSP00000360642,0
ENSP00000360644,0
ENSP00000360689,0
ENSP00000360762,0
ENSP00000360777,0
ENSP00000360798,0
ENSP00000360821,0
ENSP00000360828,0
ENSP00000360843,0
ENSP00000360918,0
ENSP00000360922,0
ENSP00000360938,0
ENSP00000360939,0
ENSP00000360998,0
ENSP00000361001,0
ENSP00000361027,0
ENSP00000361072,0
ENSP00000361076,0
ENSP00000361087,0
ENSP00000361199,0
ENSP00000361206,0
ENSP00000361219,0
ENSP00000361238,0
ENSP00000361245,0
ENSP00000361254,0
ENSP00000361264,0
ENSP00000361266,0
ENSP00000361338,0
ENSP00000361411,0
ENSP00000361418,0
ENSP00000361465,0
ENSP00000361467,0
ENSP00000361502,0
ENSP00000361508,0
ENSP00000361524,0
ENSP00000361544,0
ENSP00000361547,0
ENSP00000361554,0
ENSP00000361556,0
ENSP00000361599,0
ENSP00000361608,0
ENSP00000361625,0
ENSP00000361699,0
ENSP00000361700,0
ENSP00000361731,0
ENSP00000361777,0
ENSP00000361790,0
ENSP00000361850,0
ENSP00000361878,0
ENSP00000361914,0
ENSP00000361915,0
ENSP00000361917,0
ENSP00000361943,0
ENSP00000361982,0
ENSP00000361993,0
ENSP00000362047,0
ENSP00000362057,0
ENSP00000362082,0
ENSP00000362085,0
ENSP00000362111,0
ENSP00000362123,0
ENSP00000362135,0
ENSP00000362139,0
ENSP00000362153,0
ENSP00000362166,0
ENSP00000362207,0
ENSP00000362208,0
ENSP00000362221,0
ENSP00000362268,0
ENSP00000362287,0
ENSP00000362304,0
ENSP00000362398,0
ENSP00000362525,0
ENSP00000362549,0
ENSP00000362570,0
ENSP00000362574,0
ENSP00000362608,0
ENSP00000362618,0
ENSP00000362690,0
ENSP00000362707,0
ENSP00000362727,0
ENSP00000362734,0
ENSP00000362744,0
ENSP00000362758,0
ENSP00000362792,0
ENSP00000362795,0
ENSP00000362817,0
ENSP00000362820,0
ENSP00000362918,0
ENSP00000362935,0
ENSP00000362936,0
ENSP00000362937,0
ENSP00000362993,0
ENSP00000363040,0
ENSP00000363041,0
ENSP00000363055,0
ENSP00000363064,0
ENSP00000363071,0
ENSP00000363089,0
ENSP00000363115,0
ENSP00000363124,0
ENSP00000363135,0
ENSP00000363136,0
ENSP00000363193,0
ENSP00000363208,0
ENSP00000363298,0
ENSP00000363329,0
ENSP00000363344,0
ENSP00000363349,0
ENSP00000363360,0
ENSP00000363391,0
ENSP00000363392,0
ENSP00000363412,0
ENSP00000363441,0
ENSP00000363482,0
ENSP00000363489,0
ENSP00000363513,0
ENSP00000363556,0
ENSP00000363557,0
ENSP00000363603,0
ENSP00000363616,0
ENSP00000363734,0
ENSP00000363804,0
ENSP00000363836,0
ENSP00000363894,0
ENSP00000364092,0
ENSP00000364114,0
ENSP00000364133,0
ENSP00000364163,0
ENSP00000364166,0
ENSP00000364204,0
ENSP00000364235,0
ENSP00000364246,0
ENSP00000364298,0
ENSP00000364361,0
ENSP00000364389,0
ENSP00000364404,0
ENSP00000364502,0
ENSP00000364519,0
ENSP00000364543,0
ENSP00000364589,0
ENSP00000364595,0
ENSP00000364597,0
ENSP00000364609,0
ENSP00000364643,0
ENSP00000364649,0
ENSP00000364694,0
ENSP00000364697,0
ENSP00000364749,0
ENSP00000364855,0
ENSP00000364902,0
ENSP00000364938,0
ENSP00000364956,0
ENSP00000364964,0
ENSP00000364976,0
ENSP00000364979,0
ENSP00000365014,0
ENSP00000365019,0
ENSP00000365025,0
ENSP00000365116,0
ENSP00000365130,0
ENSP00000365145,0
ENSP00000365251,0
ENSP00000365255,0
ENSP00000365256,0
ENSP00000365318,0
ENSP00000365380,0
ENSP00000365388,0
ENSP00000365413,0
ENSP00000365426,0
ENSP00000365439,0
ENSP00000365494,0
ENSP00000365567,0
ENSP00000365570,0
ENSP00000365625,0
ENSP00000365630,0
ENSP00000365643,0
ENSP00000365757,0
ENSP00000365759,0
ENSP00000365773,0
ENSP00000365817,0
ENSP00000365840,0
ENSP00000365920,0
ENSP00000365946,0
ENSP00000366006,0
ENSP00000366032,0
ENSP00000366036,0
ENSP00000366093,0
ENSP00000366095,0
ENSP00000366098,0
ENSP00000366234,0
ENSP00000366248,0
ENSP00000366280,0
ENSP00000366326,0
ENSP00000366330,0
ENSP00000366331,0
ENSP00000366347,0
ENSP00000366395,0
ENSP00000366402,0
ENSP00000366410,0
ENSP00000366452,0
ENSP00000366513,0
ENSP00000366534,0
ENSP00000366549,0
ENSP00000366563,0
ENSP00000366620,0
ENSP00000366677,0
ENSP00000366702,0
ENSP00000366748,0
ENSP00000366828,0
ENSP00000366875,0
ENSP00000366886,0
ENSP00000366926,0
ENSP00000366955,0
ENSP00000366962,0
ENSP00000367013,0
ENSP00000367030,0
ENSP00000367034,0
ENSP00000367069,0
ENSP00000367075,0
ENSP00000367104,0
ENSP00000367172,0
ENSP00000367173,0
ENSP00000367189,0
ENSP00000367196,0
ENSP00000367208,0
ENSP00000367319,0
ENSP00000367346,0
ENSP00000367428,0
ENSP00000367440,0
ENSP00000367449,0
ENSP00000367459,0
ENSP00000367462,0
ENSP00000367747,0
ENSP00000367766,0
ENSP00000367770,0
ENSP00000367792,0
ENSP00000367797,0
ENSP00000367832,0
ENSP00000367851,0
ENSP00000367878,0
ENSP00000367891,0
ENSP00000367972,0
ENSP00000368020,0
ENSP00000368025,0
ENSP00000368079,0
ENSP00000368080,0
ENSP00000368207,0
ENSP00000368266,0
ENSP00000368320,0
ENSP00000368349,0
ENSP00000368389,0
ENSP00000368405,0
ENSP00000368438,0
ENSP00000368517,0
ENSP00000368523,0
ENSP00000368528,0
ENSP00000368538,0
ENSP00000368544,0
ENSP00000368565,0
ENSP00000368605,0
ENSP00000368683,0
ENSP00000368684,0
ENSP00000368688,0
ENSP00000368766,0
ENSP00000368767,0
ENSP00000368805,0
ENSP00000368808,0
ENSP00000368880,0
ENSP00000368887,0
ENSP00000368908,0
ENSP00000368924,0
ENSP00000368927,0
ENSP00000368965,0
ENSP00000368986,0
ENSP00000368989,0
ENSP00000368990,0
ENSP00000369055,0
ENSP00000369126,0
ENSP00000369127,0
ENSP00000369198,0
ENSP00000369252,0
ENSP00000369268,0
ENSP00000369293,0
ENSP00000369299,0
ENSP00000369317,0
ENSP00000369349,0
ENSP00000369440,0
ENSP00000369442,0
ENSP00000369465,0
ENSP00000369518,0
ENSP00000369531,0
ENSP00000369568,0
ENSP00000369571,0
ENSP00000369574,0
ENSP00000369578,0
ENSP00000369604,0
ENSP00000369611,0
ENSP00000369643,0
ENSP00000369699,0
ENSP00000369756,0
ENSP00000369840,0
ENSP00000369862,0
ENSP00000369943,0
ENSP00000369962,0
ENSP00000370034,0
ENSP00000370047,0
ENSP00000370253,0
ENSP00000370340,0
ENSP00000370343,0
ENSP00000370377,0
ENSP00000370571,0
ENSP00000370719,0
ENSP00000370736,0
ENSP00000370741,0
ENSP00000370812,0
ENSP00000370849,0
ENSP00000370880,0
ENSP00000370883,0
ENSP00000370891,0
ENSP00000370912,0
ENSP00000371067,0
ENSP00000371169,0
ENSP00000371205,0
ENSP00000371307,0
ENSP00000371364,0
ENSP00000371393,0
ENSP00000371572,0
ENSP00000371577,0
ENSP00000371607,0
ENSP00000371644,0
ENSP00000371729,0
ENSP00000371802,0
ENSP00000371805,0
ENSP00000371811,0
ENSP00000371872,0
ENSP00000371923,0
ENSP00000371932,0
ENSP00000372023,0
ENSP00000372025,0
ENSP00000372105,0
ENSP00000372122,0
ENSP00000372192,0
ENSP00000372210,0
ENSP00000372286,0
ENSP00000372335,0
ENSP00000372361,0
ENSP00000372410,0
ENSP00000373278,0
ENSP00000373298,0
ENSP00000373340,0
ENSP00000373354,0
ENSP00000373363,0
ENSP00000373399,0
ENSP00000373404,0
ENSP00000373487,0
ENSP00000373570,0
ENSP00000373574,0
ENSP00000373575,0
ENSP00000373637,0
ENSP00000373657,0
ENSP00000373684,0
ENSP00000373698,0
ENSP00000373726,0
ENSP00000373827,0
ENSP00000373873,0
ENSP00000374013,0
ENSP00000374185,0
ENSP00000374237,0
ENSP00000374260,0
ENSP00000374292,0
ENSP00000374332,0
ENSP00000374455,0
ENSP00000374529,0
ENSP00000374565,0
ENSP00000375053,0
ENSP00000375057,0
ENSP00000375076,0
ENSP00000375081,0
ENSP00000375147,0
ENSP00000375151,0
ENSP00000375232,0
ENSP00000375475,0
ENSP00000375482,0
ENSP00000375599,0
ENSP00000375608,0
ENSP00000375656,0
ENSP00000375717,0
ENSP00000375726,0
ENSP00000375736,0
ENSP00000375795,0
ENSP00000376024,0
ENSP00000376076,0
ENSP00000376103,0
ENSP00000376127,0
ENSP00000376178,0
ENSP00000376213,0
ENSP00000376293,0
ENSP00000376304,0
ENSP00000376349,0
ENSP00000376410,0
ENSP00000376445,0
ENSP00000376611,0
ENSP00000376776,0
ENSP00000376930,0
ENSP00000376943,0
ENSP00000376945,0
ENSP00000377007,0
ENSP00000377040,0
ENSP00000377055,0
ENSP00000377061,0
ENSP00000377083,0
ENSP00000377170,0
ENSP00000377303,0
ENSP00000377390,0
ENSP00000377396,0
ENSP00000377577,0
ENSP00000377582,0
ENSP00000377617,0
ENSP00000377640,0
ENSP00000377721,0
ENSP00000377751,0
ENSP00000377769,0
ENSP00000377778,0
ENSP00000377799,0
ENSP00000377867,0
ENSP00000377980,0
ENSP00000377995,0
ENSP00000378201,0
ENSP00000378292,0
ENSP00000378324,0
ENSP00000378350,0
ENSP00000378360,0
ENSP00000378394,0
ENSP00000378400,0
ENSP00000378409,0
ENSP00000378451,0
ENSP00000378503,0
ENSP00000378529,0
ENSP00000378548,0
ENSP00000378577,0
ENSP00000378624,0
ENSP00000378635,0
ENSP00000378720,0
ENSP00000378733,0
ENSP00000378856,0
ENSP00000378920,0
ENSP00000378957,0
ENSP00000379026,0
ENSP00000379051,0
ENSP00000379057,0
ENSP00000379098,0
ENSP00000379168,0
ENSP00000379228,0
ENSP00000379242,0
ENSP00000379363,0
ENSP00000379368,0
ENSP00000379401,0
ENSP00000379503,0
ENSP00000379691,0
ENSP00000379702,0
ENSP00000379836,0
ENSP00000379865,0
ENSP00000379951,0
ENSP00000379964,0
ENSP00000379999,0
ENSP00000380073,0
ENSP00000380174,0
ENSP00000380184,0
ENSP00000380237,0
ENSP00000380251,0
ENSP00000380270,0
ENSP00000380315,0
ENSP00000380414,0
ENSP00000380427,0
ENSP00000380467,0
ENSP00000380523,0
ENSP00000380544,0
ENSP00000380605,0
ENSP00000380679,0
ENSP00000380795,0
ENSP00000380969,0
ENSP00000381167,0
ENSP00000381270,0
ENSP00000381272,0
ENSP00000381282,0
ENSP00000381290,0
ENSP00000381399,0
ENSP00000381476,0
ENSP00000381489,0
ENSP00000381566,0
ENSP00000381599,0
ENSP00000381607,0
ENSP00000381758,0
ENSP00000381793,0
ENSP00000381821,0
ENSP00000382034,0
ENSP00000382064,0
ENSP00000382241,0
ENSP00000382269,0
ENSP00000382379,0
ENSP00000382834,0
ENSP00000382895,0
ENSP00000382987,0
ENSP00000383023,0
ENSP00000383042,0
ENSP00000383115,0
ENSP00000383155,0
ENSP00000383178,0
ENSP00000383210,0
ENSP00000383212,0
ENSP00000383392,0
ENSP00000383411,0
ENSP00000383505,0
ENSP00000383516,0
ENSP00000383594,0
ENSP00000383719,0
ENSP00000383892,0
ENSP00000383894,0
ENSP00000383900,0
ENSP00000383901,0
ENSP00000383909,0
ENSP00000383911,0
ENSP00000383923,0
ENSP00000383938,0
ENSP00000384000,0
ENSP00000384164,0
ENSP00000384290,0
ENSP00000384625,0
ENSP00000384651,0
ENSP00000384708,0
ENSP00000384716,0
ENSP00000384823,0
ENSP00000384848,0
ENSP00000384869,0
ENSP00000384965,0
ENSP00000385057,0
ENSP00000385099,0
ENSP00000385158,0
ENSP00000385215,0
ENSP00000385481,0
ENSP00000385721,0
ENSP00000385834,0
ENSP00000385899,0
ENSP00000385939,0
ENSP00000386134,0
ENSP00000386137,0
ENSP00000386143,0
ENSP00000386156,0
ENSP00000386165,0
ENSP00000386166,0
ENSP00000386226,0
ENSP00000386394,0
ENSP00000386520,0
ENSP00000386531,0
ENSP00000386609,0
ENSP00000386764,0
ENSP00000386772,0
ENSP00000386787,0
ENSP00000386796,0
ENSP00000386870,0
ENSP00000386881,0
ENSP00000386884,0
ENSP00000386895,0
ENSP00000386960,0
ENSP00000387006,0
ENSP00000387122,0
ENSP00000387123,0
ENSP00000387303,0
ENSP00000387356,0
ENSP00000387435,0
ENSP00000387462,0
ENSP00000387564,0
ENSP00000387641,0
ENSP00000387662,0
ENSP00000387699,0
ENSP00000388137,0
ENSP00000388220,0
ENSP00000388566,0
ENSP00000388606,0
ENSP00000388631,0
ENSP00000388825,0
ENSP00000388864,0
ENSP00000389039,0
ENSP00000389625,0
ENSP00000390011,0
ENSP00000390427,0
ENSP00000390630,0
ENSP00000390941,0
ENSP00000391116,0
ENSP00000391200,0
ENSP00000391397,0
ENSP00000391402,0
ENSP00000391524,0
ENSP00000391592,0
ENSP00000391641,0
ENSP00000391826,0
ENSP00000391879,0
ENSP00000392024,0
ENSP00000392262,0
ENSP00000392353,0
ENSP00000392513,0
ENSP00000392617,0
ENSP00000392828,0
ENSP00000392859,0
ENSP00000392936,0
ENSP00000393324,0
ENSP00000393453,0
ENSP00000393583,0
ENSP00000393631,0
ENSP00000393667,0
ENSP00000393725,0
ENSP00000393776,0
ENSP00000393840,0
ENSP00000393845,0
ENSP00000394033,0
ENSP00000394051,0
ENSP00000394178,0
ENSP00000394472,0
ENSP00000394546,0
ENSP00000394624,0
ENSP00000394842,0
ENSP00000394932,0
ENSP00000395220,0
ENSP00000395742,0
ENSP00000395995,0
ENSP00000396160,0
ENSP00000396308,0
ENSP00000396615,0
ENSP00000396747,0
ENSP00000396749,0
ENSP00000396857,0
ENSP00000396976,0
ENSP00000397002,0
ENSP00000397050,0
ENSP00000397435,0
ENSP00000397453,0
ENSP00000397947,0
ENSP00000398076,0
ENSP00000398290,0
ENSP00000398342,0
ENSP00000398495,0
ENSP00000398597,0
ENSP00000398971,0
ENSP00000399078,0
ENSP00000399235,0
ENSP00000399511,0
ENSP00000399903,0
ENSP00000399985,0
ENSP00000400010,0
ENSP00000400088,0
ENSP00000400101,0
ENSP00000400157,0
ENSP00000400471,0
ENSP00000401197,0
ENSP00000401303,0
ENSP00000401328,0
ENSP00000401435,0
ENSP00000401513,0
ENSP00000401536,0
ENSP00000401859,0
ENSP00000402020,0
ENSP00000402060,0
ENSP00000402084,0
ENSP00000402697,0
ENSP00000402835,0
ENSP00000402861,0
ENSP00000403396,0
ENSP00000403459,0
ENSP00000403524,0
ENSP00000403536,0
ENSP00000403852,0
ENSP00000403987,0
ENSP00000404132,0
ENSP00000404438,0
ENSP00000404503,0
ENSP00000404676,0
ENSP00000404923,0
ENSP00000405095,0
ENSP00000405202,0
ENSP00000405424,0
ENSP00000405600,0
ENSP00000405674,0
ENSP00000405699,0
ENSP00000405890,0
ENSP00000405963,0
ENSP00000406027,0
ENSP00000406052,0
ENSP00000406162,0
ENSP00000406482,0
ENSP00000406885,0
ENSP00000406925,0
ENSP00000406957,0
ENSP00000407262,0
ENSP00000407497,0
ENSP00000408146,0
ENSP00000408342,0
ENSP00000409009,0
ENSP00000409126,0
ENSP00000409370,0
ENSP00000409382,0
ENSP00000409423,0
ENSP00000409898,0
ENSP00000409932,0
ENSP00000410007,0
ENSP00000410157,0
ENSP00000410198,0
ENSP00000410216,0
ENSP00000410396,0
ENSP00000411010,0
ENSP00000411032,0
ENSP00000411070,0
ENSP00000411145,0
ENSP00000411409,0
ENSP00000411532,0
ENSP00000411593,0
ENSP00000411932,0
ENSP00000412060,0
ENSP00000412189,0
ENSP00000412215,0
ENSP00000412897,0
ENSP00000412957,0
ENSP00000413035,0
ENSP00000413405,0
ENSP00000413520,0
ENSP00000413697,0
ENSP00000413929,0
ENSP00000413964,0
ENSP00000414055,0
ENSP00000414302,0
ENSP00000414334,0
ENSP00000414390,0
ENSP00000414624,0
ENSP00000414906,0
ENSP00000415030,0
ENSP00000415032,0
ENSP00000415517,0
ENSP00000415836,0
ENSP00000415890,0
ENSP00000416033,0
ENSP00000416250,0
ENSP00000416330,0
ENSP00000416658,0
ENSP00000416683,0
ENSP00000417176,0
ENSP00000417182,0
ENSP00000417183,0
ENSP00000417289,0
ENSP00000417330,0
ENSP00000417354,0
ENSP00000417424,0
ENSP00000417451,0
ENSP00000417496,0
ENSP00000417569,0
ENSP00000417587,0
ENSP00000417656,0
ENSP00000417659,0
ENSP00000417677,0
ENSP00000417919,0
ENSP00000417970,0
ENSP00000418259,0
ENSP00000418397,0
ENSP00000418744,0
ENSP00000418842,0
ENSP00000418910,0
ENSP00000419000,0
ENSP00000419126,0
ENSP00000419249,0
ENSP00000419279,0
ENSP00000419370,0
ENSP00000419446,0
ENSP00000419471,0
ENSP00000419475,0
ENSP00000419542,0
ENSP00000419692,0
ENSP00000419740,0
ENSP00000419786,0
ENSP00000419879,0
ENSP00000419901,0
ENSP00000420168,0
ENSP00000420213,0
ENSP00000420267,0
ENSP00000420269,0
ENSP00000420298,0
ENSP00000420465,0
ENSP00000420714,0
ENSP00000420854,0
ENSP00000420863,0
ENSP00000421364,0
ENSP00000421592,0
ENSP00000421655,0
ENSP00000421848,0
ENSP00000421915,0
ENSP00000422496,0
ENSP00000422753,0
ENSP00000422846,0
ENSP00000423211,0
ENSP00000423630,0
ENSP00000423777,0
ENSP00000423933,0
ENSP00000424183,0
ENSP00000424198,0
ENSP00000424474,0
ENSP00000424711,0
ENSP00000425375,0
ENSP00000425634,0
ENSP00000425840,0
ENSP00000425955,0
ENSP00000426120,0
ENSP00000427130,0
ENSP00000427279,0
ENSP00000427550,0
ENSP00000427926,0
ENSP00000429064,0
ENSP00000429367,0
ENSP00000429553,0
ENSP00000429633,0
ENSP00000429896,0
ENSP00000430031,0
ENSP00000430073,0
ENSP00000430269,0
ENSP00000430276,0
ENSP00000430432,0
ENSP00000430505,0
ENSP00000431538,0
ENSP00000431822,0
ENSP00000431872,0
ENSP00000432163,0
ENSP00000432412,0
ENSP00000432786,0
ENSP00000433361,0
ENSP00000433773,0
ENSP00000433816,0
ENSP00000434034,0
ENSP00000434442,0
ENSP00000434676,0
ENSP00000435310,0
ENSP00000435550,0
ENSP00000435634,0
ENSP00000435777,0
ENSP00000436500,0
ENSP00000437073,0
ENSP00000437409,0
ENSP00000437464,0
ENSP00000437635,0
ENSP00000437940,0
ENSP00000438204,0
ENSP00000438262,0
ENSP00000438346,0
ENSP00000439189,0
ENSP00000439594,0
ENSP00000440485,0
ENSP00000440509,0
ENSP00000440765,0
ENSP00000440896,0
ENSP00000442057,0
ENSP00000442365,0
ENSP00000442464,0
ENSP00000442736,0
ENSP00000443459,0
ENSP00000443900,0
ENSP00000443988,0
ENSP00000444408,0
ENSP00000445175,0
ENSP00000445677,0
ENSP00000445829,0
ENSP00000446280,0
ENSP00000446680,0
ENSP00000449598,0
ENSP00000450436,0
ENSP00000450527,0
ENSP00000451476,0
ENSP00000451812,0
ENSP00000452126,0
ENSP00000452521,0
ENSP00000452885,0
ENSP00000453129,0
ENSP00000453302,0
ENSP00000453793,0
ENSP00000454071,0
ENSP00000455169,0
ENSP00000455607,0
ENSP00000458238,0
ENSP00000458954,0
ENSP00000459775,0
ENSP00000462106,0
ENSP00000462116,0
ENSP00000462799,0
ENSP00000462963,0
ENSP00000463013,0
ENSP00000463517,0
ENSP00000464146,0
ENSP00000465075,0
ENSP00000465578,0
ENSP00000467931,0
ENSP00000468969,0
ENSP00000469315,0
ENSP00000469432,0
ENSP00000469886,0
ENSP00000470555,0
ENSP00000470965,0
ENSP00000472249,0
ENSP00000473243,0
